Serving_size,kcal,carbo,sugar,protein,fat,saturated_fat,trans_fat,cholesterol,salt,calcium,soup_dummy0,soup_dummy1,soup_dummy2,eat_dummy0,eat_dummy1,fresh_dummy,con_dummy0,con_dummy1,con_dummy2,con_dummy3,con_dummy4,con_dummy5,main_dummy0,main_dummy1,main_dummy2,main_dummy3,main_dummy4,main_dummy5,main_dummy6,main_dummy7,main_dummy8,main_dummy9,sub_dummy0,sub_dummy1,sub_dummy2,sub_dummy3,sub_dummy4,sub_dummy5,sub_dummy6,sub_dummy7,sub_dummy8,sub_dummy9
0.079686,0.072544,0.013158,0.038462,0.063291,0.092308,0.057447,0,0.051724,0.042735,0,0,0,0,1,0,1,0,1,0,0,0,0,0,1,0,0,0,0,0,0,0,0,0,0,0,1,0,0,0,0,0,0
0.023569,0.072544,0.013158,0.038462,0.050633,0.092308,0.051064,0,0.051724,0.042735,0,0,0,0,1,0,1,0,1,0,0,0,0,0,1,0,0,0,0,0,0,0,0,0,1,0,0,0,0,0,0,0,0
0.102132,0.251607,0.144737,0.211538,0.21519,0.2,0.170213,0.046667,0.086207,0.193732,0,0,0,0,1,0,1,0,0,0,0,0,1,0,0,0,1,0,0,0,0,0,0,0,0,0,0,0,1,0,0,0,0
0.074074,0.196511,0.157895,0.288462,0.075949,0.153846,0.074468,0.033333,0.072414,0.096866,0,0,0,0,0,1,1,0,0,0,0,0,1,0,1,0,0,0,0,0,0,0,0,0,0,0,0,0,1,0,0,0,0
0.107744,0.202112,0.151974,0.0825,0.10443,0.167538,0.084255,0.011,0.105828,0.118462,0,0,0,0,1,0,1,0,0,0,0,0,1,0,1,0,0,0,0,0,0,0,0,0,0,0,0,0,1,0,0,0,0
0.107744,0.199082,0.151974,0.101538,0.112785,0.162462,0.077234,0.011,0.095586,0.119402,0,0,0,0,1,0,1,0,0,0,0,0,1,0,0,0,0,0,1,0,0,0,0,0,1,0,0,0,0,0,0,0,0
0.102132,0.191919,0.157895,0.057692,0.088608,0.153846,0.085106,0,0.034483,0.108262,0,0,0,0,1,0,1,0,0,0,0,0,1,0,0,0,0,0,1,0,0,0,0,0,1,0,0,0,0,0,0,0,0
0.107744,0.22865,0.157895,0.096154,0.113924,0.2,0.089362,0,0.068966,0.096866,0,0,0,0,1,0,1,0,0,0,0,0,1,0,1,0,0,0,0,0,0,0,0,0,0,0,0,0,1,0,0,0,0
0.107744,0.214876,0.151316,0.057692,0.126582,0.169231,0.1,0,0.068966,0.076923,0,0,0,0,1,0,1,0,0,0,0,0,1,0,1,0,0,0,0,0,0,0,0,0,0,0,0,0,1,0,0,0,0
0.125701,0.260294,0.269211,0.120577,0.175443,0.111692,0.091277,0.011,0.051207,0.199316,0,0,0,0,0,1,1,0,1,0,0,0,0,0,0,0,0,0,1,0,0,0,0,0,0,0,1,0,0,0,0,0,0
0.124579,0.105142,0.210592,0.107885,0.200506,0.152308,0.11234,0.011,0.068276,0.186154,0,0,0,0,0,1,1,0,1,0,0,0,0,0,0,0,0,0,1,0,0,0,0,0,0,0,1,0,0,0,0,0,0
0.130191,0.297567,0.290921,0.139615,0.158734,0.167538,0.105319,0.011,0.068276,0.16735,0,0,0,0,0,1,1,0,1,0,0,0,0,0,0,0,0,0,1,0,0,0,0,0,0,0,1,0,0,0,0,0,0
0.242424,0.352617,0.440789,0.115385,0.088608,0.153846,0.055319,0,0.034483,0.153846,0,0,0,0,1,0,1,1,0,0,0,0,0,0,0,0,0,1,0,0,0,0,0,0,0,0,0,0,1,0,0,0,0
0.191919,0.113866,0.059211,0.173077,0.075949,0.107692,0.106383,0,0.086207,0.027066,0,0,0,1,0,0,0,0,0,0,0,0,0,0,0,0,1,0,0,0,0,0,0,0,0,0,1,0,0,0,0,0,0
0.102132,0.054178,0.078947,0.192308,0.012658,0.015385,0.014894,0,0.034483,0.005698,0,0,0,1,0,0,0,0,0,0,0,0,0,0,0,0,1,0,0,0,0,0,0,0,0,0,1,0,0,0,0,0,0
0.371493,0.067952,0.078947,0.153846,0.037975,0.023077,0.021277,0,0.034483,0.011396,0,0,0,1,0,0,0,0,0,0,0,0,0,0,0,0,1,0,0,0,0,0,0,0,0,0,1,0,0,0,0,0,0
0.371493,0.067952,0.078947,0.153846,0.037975,0.023077,0.021277,0,0.034483,0.011396,0,0,0,1,0,0,0,0,0,0,0,0,0,0,0,0,1,0,0,0,0,0,0,0,0,0,1,0,0,0,0,0,0
0.371493,0.067952,0.078947,0.153846,0.037975,0.023077,0.021277,0,0.034483,0.011396,0,0,0,1,0,0,0,0,0,0,0,0,0,0,0,0,1,0,0,0,0,0,0,0,0,0,1,0,0,0,0,0,0
0.551066,0.090909,0.046053,0.134615,0.063291,0.092308,0.082979,0,0.086207,0.021368,0,0,0,1,0,0,0,0,0,0,0,0,0,0,0,0,1,0,0,0,0,0,0,0,0,0,1,0,0,0,0,0,0
0.438833,0.077135,0.039474,0.115385,0.050633,0.076923,0.070213,0,0.068966,0.018519,0,0,0,1,0,0,0,0,0,0,0,0,0,0,0,0,1,0,0,0,0,0,0,0,0,0,1,0,0,0,0,0,0
0.158249,0.123049,0.184211,0.269231,0.063291,0,0.029787,0,0.034483,0.022792,0,0,0,1,0,0,0,0,0,0,0,0,0,0,0,0,1,0,0,0,0,0,0,0,0,0,1,0,0,0,0,0,0
0.270483,0.136823,0.131579,0.384615,0.063291,0.092308,0.06383,0,0.086207,0.039886,0,0,0,1,0,0,0,0,0,0,0,0,0,0,0,0,1,0,0,0,0,0,0,0,0,0,1,0,0,0,0,0,0
0.214366,0.113866,0.052632,0.115385,0.075949,0.107692,0.021277,0,0,0.048433,0,0,0,1,0,0,0,0,0,0,0,0,0,0,0,0,1,0,0,0,0,0,0,0,0,0,0,1,0,0,0,0,0
0.180696,0.222222,0.230263,0.019231,0.126582,0.107692,0.085106,0,0.041379,0.154986,0,0,1,0,0,1,1,0,1,0,0,0,0,0,0,0,0,0,1,0,0,0,0,0,0,0,1,0,0,0,0,0,0
0.180696,0.227732,0.230263,0.019231,0.139241,0.107692,0.085106,0,0.044828,0.139886,0,0,1,0,0,1,1,0,1,0,0,0,0,0,0,0,0,0,1,0,0,0,0,0,0,0,1,0,0,0,0,0,0
0.236813,0.259871,0.309211,0.057692,0.126582,0.092308,0.051064,0,0.062069,0.142735,0,0,1,0,0,1,1,0,1,0,0,0,0,0,0,0,0,0,1,0,0,0,0,1,0,0,0,0,0,0,0,0,0
0.236813,0.258953,0.289474,0.25,0.101266,0.123077,0.038298,0,0.02069,0.132194,0,0,1,0,0,1,1,0,1,0,0,0,0,0,0,0,0,0,1,0,0,0,0,1,0,0,0,0,0,0,0,0,0
0.236813,0.369146,0.230263,0.096154,0.113924,0.369231,0.276596,0.033333,0.186207,0.072365,0,0,1,0,0,1,1,0,1,0,0,0,0,0,0,0,0,0,1,0,0,0,0,0,0,0,1,0,0,0,0,0,0
0.232323,0.292929,0.440789,0.230769,0.113924,0.032308,0,0,0,0.581197,0,1,0,0,0,1,1,1,0,0,0,0,0,0,0,0,0,0,1,0,0,0,0,1,0,0,0,0,0,0,0,0,0
0.147026,0.233242,0.210526,0.038462,0.139241,0.138462,0.074468,0,0.068966,0.131054,0,0,0,0,1,0,1,0,0,0,0,0,1,1,0,0,0,0,0,0,0,0,0,0,1,0,0,0,0,0,0,0,0
0.147026,0.242424,0.184211,0.057692,0.139241,0.184615,0.093617,0,0.086207,0.091168,0,0,0,0,1,0,1,0,0,0,0,0,1,0,1,0,0,0,0,0,0,0,0,0,0,0,0,0,1,0,0,0,0
0.158249,0.26079,0.236842,0.173077,0.126582,0.169231,0.1,0,0.051724,0.139601,0,0,0,0,1,0,1,0,0,0,0,0,1,0,1,0,0,0,0,0,0,0,0,0,0,1,0,0,0,0,0,0,0
0.242424,0.311295,0.467105,0.115385,0.126582,0.043077,0.025532,0.033333,0.051724,0.262108,0,0,0,0,1,0,1,0,0,0,0,0,1,0,0,0,0,1,0,0,0,0,0,0,1,0,0,0,0,0,0,0,0
0.242424,0.370983,0.480263,0.076923,0.101266,0.138462,0.044681,0,0.086207,0.367521,0,0,0,0,1,0,1,1,0,0,0,0,0,0,0,0,0,1,0,0,0,0,0,1,0,0,0,0,0,0,0,0,0
0.242424,0.325069,0.434211,0.096154,0.113924,0.092308,0.025532,0,0.034483,0.242165,0,0,0,0,1,0,1,0,0,0,0,0,1,0,0,0,0,1,0,0,0,0,0,0,1,0,0,0,0,0,0,0,0
0.242424,0.352617,0.453947,0.019231,0.101266,0.123077,0.014894,0,0,0.136752,0,0,0,0,1,0,1,0,0,0,0,0,1,0,0,0,0,1,0,0,0,0,0,0,0,1,0,0,0,0,0,0,0
0.023569,0.035813,0.019737,0.019231,0.050633,0.021538,0,0,0.103448,0.037037,0,0,0,0,1,0,1,0,1,0,0,0,0,0,0,1,0,0,0,0,0,0,0,1,0,0,0,0,0,0,0,0,0
0.023569,0.063361,0.026316,0,0.050633,0.073846,0.044681,0,0.034483,0.037037,0,0,0,0,1,0,1,0,1,0,0,0,0,0,1,0,0,0,0,0,0,0,0,0,0,0,0,0,1,0,0,0,0
0.068462,0.178145,0.164474,0.153846,0.075949,0.123077,0.061702,0,0.051724,0.105413,0,0,0,0,0,1,1,0,0,0,0,0,1,0,0,0,0,0,1,0,0,0,0,0,1,0,0,0,0,0,0,0,0
0.102132,0.242424,0.052632,0.153846,0.177215,0.307692,0.148936,0.033333,0.155172,0.119658,0,0,0,0,1,0,1,1,0,0,0,0,0,0,1,0,0,0,0,0,0,0,0,1,0,0,0,0,0,0,0,0,0
0.102132,0.242424,0.052632,0.153846,0.177215,0.307692,0.148936,0.033333,0.155172,0.119658,0,0,0,0,1,0,1,1,0,0,0,0,0,0,1,0,0,0,0,0,0,0,0,1,0,0,0,0,0,0,0,0,0
0.147026,0.807163,0.210526,0.365385,0.518987,1,0.510638,0.046667,0.310345,0.14245,0,0,0,0,1,0,1,1,0,0,0,0,0,0,1,0,0,0,0,0,0,0,0,1,0,0,0,0,0,0,0,0,0
0.158249,0.375574,0.296053,0.076923,0.240506,0.261538,0.095745,0.053333,0.165517,0.344729,0,0,1,0,1,0,1,0,0,0,1,0,0,0,1,0,0,0,0,0,0,0,0,1,0,0,0,0,0,0,0,0,0
0.130191,0.306703,0.164474,0.346154,0.265823,0.261538,0.12766,0.066667,0.137931,0.472934,0,0,0,0,1,0,1,1,0,0,0,0,0,0,1,0,0,0,0,0,0,0,0,1,0,0,0,0,0,0,0,0,0
0.158249,0.609734,0.401316,0.692308,0.506329,0.446154,0.255319,0.06,0.431034,0.324786,0,0,0,0,1,0,1,1,0,0,0,0,0,0,1,0,0,0,0,0,0,0,0,1,0,0,0,0,0,0,0,0,0
0.203143,0.522498,0.414474,0.653846,0.696203,0.169231,0.097872,0.02,0.327586,0.643875,0,0,0,0,1,0,1,1,0,0,0,0,0,0,1,0,0,0,0,0,0,0,0,1,0,0,0,0,0,0,0,0,0
0.158249,0.536272,0.473684,0.307692,0.278481,0.353846,0.055319,0.033333,0.517241,0.495726,0,0,0,0,1,0,1,0,0,0,1,0,0,0,0,1,0,0,0,0,0,0,0,0,0,0,0,0,1,0,0,0,0
0.135802,0.421488,0.342105,0.326923,0.417722,0.2,0.042553,0,0.310345,0.39886,0,0,0,0,1,0,1,0,0,0,1,0,0,0,1,0,0,0,0,0,0,0,0,0,0,0,0,0,1,0,0,0,0
0.135802,0.384757,0.138158,0.173077,0.43038,0.338462,0.148936,0.033333,0.327586,0.518519,0,0,0,0,1,0,1,0,1,0,0,0,0,0,1,0,0,0,0,0,0,0,0,1,0,0,0,0,0,0,0,0,0
0.193042,0.15978,0.138158,0.192308,0.126582,0.092308,0.023404,0,0.086207,0.373219,0,0,0,0,1,0,1,0,0,1,0,0,0,0,1,0,0,0,0,0,0,0,0,1,0,0,0,0,0,0,0,0,0
0.204265,0.407713,0.539474,0.134615,0.164557,0.107692,0.02766,0,0,0.532764,0,1,0,0,1,0,1,0,0,1,0,0,0,0,0,0,0,0,1,0,0,0,0,0,0,0,0,1,0,0,0,0,0
0.232323,0.522498,0.565789,0.096154,0.202532,0.276923,0.089362,0.026667,0.006897,0.564103,0,1,0,0,1,0,1,0,0,0,1,0,0,0,0,0,0,0,1,0,0,0,0,0,0,0,0,1,0,0,0,0,0
0.242424,0.632691,0.388158,0.038462,0.101266,0.123077,0.034043,0.033333,0.413793,0.133903,0,0,0,0,1,0,1,0,0,0,0,0,1,0,0,0,0,1,0,0,0,0,0,0,0,0,0,0,0,0,0,0,0
0.242424,0.348026,0.486842,0.057692,0.088608,0.092308,0.023404,0,0,0.165242,0,0,0,0,1,0,1,1,0,0,0,0,0,0,0,0,0,1,0,0,0,0,0,1,0,0,0,0,0,0,0,0,0
0.248036,0.715335,0.697368,0.096154,0.35443,0.492308,0.297872,0.033333,0.551724,0.327635,0,0,1,0,1,0,1,0,1,0,0,0,0,0,0,0,0,1,0,0,0,0,0,1,0,0,0,0,0,0,0,0,0
0.248036,0.568411,0.697368,0.096154,0.227848,0.184615,0.048936,0,0.310345,0.378917,0,0,1,0,1,0,1,0,1,0,0,0,0,0,0,0,0,1,0,0,0,0,0,0,0,1,0,0,0,0,0,0,0
0.250281,0.343434,0.434211,0.096154,0.101266,0.138462,0.038298,0.073333,0.034483,0.108262,0,0,0,0,1,0,1,1,0,0,0,0,0,0,0,0,0,1,0,0,0,0,0,0,0,1,0,0,0,0,0,0,0
0.242424,0.311295,0.467105,0.115385,0.126582,0.043077,0.025532,0.033333,0.051724,0.262108,0,0,0,0,1,0,1,0,0,0,0,1,0,0,0,0,0,1,0,0,0,0,0,1,0,0,0,0,0,0,0,0,0
0.270483,0.256198,0.184211,0,0.050633,0.018462,0.010638,0,0.051724,0.099715,0,0,1,0,1,0,1,0,0,0,0,0,1,0,0,0,0,1,0,0,0,0,0,1,0,0,0,0,0,0,0,0,0
0.191919,0.155188,0.085526,0.134615,0.037975,0.184615,0.170213,0.033333,0.086207,0.125356,0,1,0,0,1,0,1,0,1,0,0,0,0,0,0,0,1,0,0,0,0,0,0,1,0,0,0,0,0,0,0,0,0
0.270483,0.196511,0.25,0,0.113924,0.047692,0.040426,0.02,0.396552,0.071225,0,0,1,0,1,0,1,0,0,0,0,0,1,0,0,0,0,1,0,0,0,0,0,0,1,0,0,0,0,0,0,0,0
0.270483,0.123049,0.177632,0,0.037975,0.029231,0.017021,0,0.034483,0.102564,0,0,1,0,1,0,1,0,0,0,0,0,1,0,0,0,0,1,0,0,0,0,0,0,0,0,0,0,0,0,0,0,0
0.090909,0.155188,0.118421,0.153846,0.050633,0.138462,0.148936,0.033333,0.068966,0.071225,0,1,0,0,1,0,1,0,0,0,0,0,1,0,0,0,1,0,0,0,0,0,0,1,0,0,0,0,0,0,0,0,0
0.191919,0.155188,0.078947,0.057692,0.037975,0.184615,0.085106,0.033333,0.086207,0.091168,0,1,0,0,1,0,1,0,1,0,0,0,0,0,0,0,1,0,0,0,0,0,0,1,0,0,0,0,0,0,0,0,0
0.551066,0.155188,0.098684,0.076923,0.240506,0.061538,0.06383,0.033333,0.206897,0.566952,0,1,0,0,1,0,1,1,0,0,0,0,0,0,1,0,0,0,0,0,0,0,0,1,0,0,0,0,0,0,0,0,0
0.551066,0.527089,0.355263,0.134615,0.506329,0.338462,0.276596,0.093333,0.586207,0.547009,0,1,0,0,1,0,1,1,0,0,0,0,0,0,1,0,0,0,0,0,0,0,0,1,0,0,0,0,0,0,0,0,0
0.551066,0.292929,0.151316,0.230769,0.316456,0.215385,0.106383,0.06,0.075862,0.447293,0,1,0,0,1,0,1,1,0,0,0,0,0,0,0,0,0,0,1,0,0,0,0,1,0,0,0,0,0,0,0,0,0
0.551066,0.077135,0.078947,0,0.075949,0.018462,0.008511,0,0,0.381766,0,1,0,0,1,0,1,1,0,0,0,0,0,1,0,0,0,0,0,0,0,0,0,0,0,0,0,0,1,0,0,0,0
1,1,0.677632,0.096154,1,0.615385,0.276596,0.033333,1,0.396011,0,1,0,0,1,0,1,1,0,0,0,0,0,0,1,0,0,0,0,0,0,0,0,0,0,0,0,1,0,0,0,0,0
0.551066,0.0955,0.059211,0.096154,0.177215,0.024615,0.019149,0,0.213793,0.353276,0,1,0,0,1,0,1,1,0,0,0,0,0,0,0,0,0,0,0,1,0,0,0,0,0,0,0,0,0,1,0,0,0
1,0.641873,0.302632,0,0.924051,0.384615,0.191489,0,0.603448,0.279202,0,1,0,0,1,0,1,1,0,0,0,0,0,0,1,0,0,0,0,0,0,0,0,0,0,0,0,1,0,0,0,0,0
0.102132,0.146006,0.046053,0,0.21519,0.107692,0.038298,0.006667,0.189655,0.029915,0,0,0,0,1,0,1,1,0,0,0,0,0,0,0,1,0,0,0,0,0,0,0,0,0,0,0,0,1,0,0,0,0
0.158249,0.242424,1,0.019231,0.303797,0.153846,0.059574,0.006667,0.006897,0.106838,0,0,0,0,1,0,1,0,0,0,0,0,1,1,0,0,0,0,0,0,0,0,0,0,0,0,0,0,1,0,0,0,0
0.147026,0.274564,0.217105,0.057692,0.126582,0.215385,0.114894,0,0.068966,0.119658,0,0,0,0,1,0,1,0,0,0,0,0,1,0,1,0,0,0,0,0,0,0,0,1,0,0,0,0,0,0,0,0,0
0.147026,0.292929,0.197368,0.134615,0.151899,0.261538,0.097872,0,0.103448,0.128205,0,0,0,0,1,0,1,0,0,0,0,0,1,0,1,0,0,0,0,0,0,0,0,0,0,0,0,0,1,0,0,0,0
0.147026,0.251607,0.184211,0.057692,0.177215,0.169231,0.087234,0,0.103448,0.131054,0,0,0,0,1,0,1,0,0,0,0,0,1,0,1,0,0,0,0,0,0,0,0,0,0,0,0,0,1,0,0,0,0
0.147026,0.22865,0.190789,0.076923,0.164557,0.138462,0.068085,0,0.068966,0.091168,0,0,0,0,1,0,1,0,0,0,0,0,1,0,1,0,0,0,0,0,0,0,0,0,0,0,0,0,1,0,0,0,0
0.147026,0.251607,0.184211,0.057692,0.177215,0.169231,0.082979,0,0.103448,0.190883,0,0,0,0,1,0,1,0,0,0,0,0,1,0,1,0,0,0,0,0,0,0,0,1,0,0,0,0,0,0,0,0,0
0.023569,0.077135,0.019737,0.057692,0.050633,0.092308,0.03617,0,0.051724,0.034188,0,0,0,0,1,0,1,1,0,0,0,0,0,0,1,0,0,0,0,0,0,0,0,0,1,0,0,0,0,0,0,0,0
0.017957,0.054178,0.013158,0.019231,0.037975,0.066154,0.025532,0,0.034483,0.029915,0,0,0,0,1,0,1,1,0,0,0,0,0,0,1,0,0,0,0,0,0,0,0,1,0,0,0,0,0,0,0,0,0
0.034792,0.104683,0.019737,0.038462,0.075949,0.138462,0.070213,0,0.068966,0.048433,0,0,0,0,1,0,1,1,0,0,0,0,0,0,1,0,0,0,0,0,0,0,0,1,0,0,0,0,0,0,0,0,0
0.023569,0.035813,0.013158,0.019231,0.063291,0.018462,0,0,0.137931,0.031339,0,0,0,0,1,0,1,1,0,0,0,0,0,0,0,1,0,0,0,0,0,0,0,0,1,0,0,0,0,0,0,0,0
0.034792,0.049587,0.052632,0.019231,0.050633,0.009231,0,0,0,0.02849,0,0,0,0,1,0,1,0,1,0,0,0,0,0,0,1,0,0,0,0,0,0,0,0,0,0,0,0,1,0,0,0,0
0.102132,0.251607,0.144737,0.211538,0.21519,0.2,0.170213,0.046667,0.086207,0.193732,0,0,0,0,1,0,1,0,0,0,0,0,1,0,0,0,1,0,0,0,0,0,0,0,0,0,0,0,1,0,0,0,0
0.079686,0.132231,0.092105,0.038462,0.126582,0.075385,0.046809,0,0.068966,0.05698,0,0,0,0,1,0,1,0,0,0,0,0,1,0,0,1,0,0,0,0,0,0,0,0,0,0,0,0,1,0,0,0,0
0.068462,0.173554,0.164474,0.307692,0.075949,0.123077,0.06383,0,0.034483,0.131054,0,0,0,0,1,0,1,0,0,0,0,0,1,0,0,0,0,0,1,0,0,0,0,0,1,0,0,0,0,0,0,0,0
0.023569,0.063361,0,0,0.050633,0.092308,0.06383,0,0.068966,0.059829,0,0,0,0,1,0,1,1,0,0,0,0,0,0,1,0,0,0,0,0,0,0,0,0,0,0,1,0,0,0,0,0,0
0.023569,0.040404,0.013158,0.019231,0.050633,0.036923,0.014894,0.033333,0.051724,0.074074,0,0,0,0,0,0,1,0,1,0,0,0,0,0,1,0,0,0,0,0,0,0,0,0,1,0,0,0,0,0,0,0,0
0.023569,0.090909,0.019737,0.038462,0.037975,0.092308,0.042553,0,0.034483,0.065527,0,0,0,0,1,0,1,0,1,0,0,0,0,0,1,0,0,0,0,0,0,0,0,0,0,0,0,0,0,0,1,0,0
0.023569,0.072544,0.019737,0.038462,0.037975,0.092308,0.042553,0,0.034483,0.065527,0,0,0,0,1,0,1,0,1,0,0,0,0,0,1,0,0,0,0,0,0,0,0,0,0,0,0,0,0,0,1,0,0
0.887767,0.527089,0.355263,0.134615,0.506329,0.338462,0.276596,0.093333,0.586207,0.547009,0,1,0,0,1,0,1,1,0,0,0,0,0,0,1,0,0,0,0,0,0,0,0,1,0,0,0,0,0,0,0,0,0
0.551066,0.0955,0.059211,0.096154,0.177215,0.024615,0.019149,0,0.206897,0.353276,0,1,0,0,1,0,1,1,0,0,0,0,0,0,0,0,0,0,0,1,0,0,0,0,0,0,0,0,0,1,0,0,0
0.551066,0.233242,0.138158,0.076923,0.278481,0.138462,0.170213,0.04,0.189655,0.532764,0,1,0,0,1,0,1,1,0,0,0,0,0,0,1,0,0,0,0,0,0,0,0,1,0,0,0,0,0,0,0,0,0
0.551066,0.292929,0.151316,0.230769,0.316456,0.215385,0.106383,0.06,0.075862,0.447293,0,1,0,0,1,0,1,1,0,0,0,0,0,0,0,0,0,0,1,0,0,0,0,0,1,0,0,0,0,0,0,0,0
0.551066,0.077135,0.078947,0,0.075949,0.018462,0.008511,0,0,0.381766,0,1,0,0,1,0,1,1,0,0,0,0,0,1,0,0,0,0,0,0,0,0,0,0,0,0,0,0,1,0,0,0,0
0.242424,0.375574,0.473684,0.038462,0.126582,0.138462,0.03617,0,0.103448,0.219373,0,0,0,0,1,0,1,0,0,0,0,0,1,0,0,0,0,1,0,0,0,0,0,0,0,1,0,0,0,0,0,0,0
0.264871,0.389348,0.552632,0.019231,0.101266,0.107692,0.014894,0,0,0.105413,0,0,0,0,1,0,1,1,0,0,0,0,0,0,0,0,0,1,0,0,0,0,0,1,0,0,0,0,0,0,0,0,0
0.248036,0.325069,0.440789,0.076923,0.088608,0.092308,0.017021,0,0,0.173789,0,0,0,0,1,0,1,1,0,0,0,0,0,0,0,0,0,1,0,0,0,0,0,1,0,0,0,0,0,0,0,0,0
0.242424,0.32966,0.421053,0.076923,0.151899,0.092308,0.025532,0,0.068966,0.099715,0,0,0,0,1,0,1,0,0,0,0,0,1,0,0,0,0,1,0,0,0,0,0,0,1,0,0,0,0,0,0,0,0
0.242424,0.370983,0.480263,0.076923,0.101266,0.138462,0.044681,0,0.086207,0.367521,0,0,0,0,1,0,1,1,0,0,0,0,0,0,0,0,0,1,0,0,0,0,0,1,0,0,0,0,0,0,0,0,0
0.242424,0.352617,0.453947,0.019231,0.101266,0.123077,0.014894,0,0,0.136752,0,0,0,0,1,0,1,0,0,0,0,0,1,0,0,0,0,1,0,0,0,0,0,0,0,1,0,0,0,0,0,0,0
0.051627,0.123049,0.039474,0.096154,0.088608,0.153846,0.065957,0,0.068966,0.068376,0,0,0,0,1,0,1,0,1,0,0,0,0,0,1,0,0,0,0,0,0,0,0,1,0,0,0,0,0,0,0,0,0
0.030303,0.090909,0.026316,0.057692,0.063291,0.107692,0.059574,0,0.051724,0.051282,0,0,0,0,1,0,1,1,0,0,0,0,0,0,1,0,0,0,0,0,0,0,0,1,0,0,0,0,0,0,0,0,0
0.023569,0.054178,0.046053,0.019231,0.050633,0.030769,0.014894,0,0.017241,0.024217,0,0,0,0,1,0,1,0,1,0,0,0,0,0,1,0,0,0,0,0,0,0,0,0,0,0,0,0,1,0,0,0,0
0.023569,0.063361,0.046053,0.019231,0.050633,0.046154,0.06383,0,0.017241,0.025641,0,0,0,0,1,0,1,0,1,0,0,0,0,0,1,0,0,0,0,0,0,0,0,0,0,0,0,0,1,0,0,0,0
0.102132,0.141414,0.151316,0,0.025316,0.056923,0.012766,0,0,0.008547,0,0,0,0,1,0,1,0,1,0,0,0,0,1,0,0,0,0,0,0,0,0,0,0,0,0,0,0,0,0,0,0,1
0.147026,0.168962,0.125,0.134615,0.088608,0.138462,0.046809,0,0.137931,0.08547,0,0,0,0,0,1,1,0,0,0,0,0,1,0,1,0,0,0,0,0,0,0,0,1,0,0,0,0,0,0,0,0,0
0.068462,0.178145,0.157895,0.134615,0.088608,0.123077,0.051064,0,0.172414,0.11396,0,0,0,0,0,1,1,0,0,0,0,0,1,0,1,0,0,0,0,0,0,0,0,0,0,0,0,0,1,0,0,0,0
0.088664,0.233242,0.203947,0.153846,0.101266,0.169231,0.106383,0,0.310345,0.094017,0,0,0,0,0,1,1,0,0,0,0,0,1,0,1,0,0,0,0,0,0,0,0,0,0,0,0,0,1,0,0,0,0
0.161616,0.247016,0.210526,0.096154,0.202532,0.153846,0.07234,0,0.086207,0.185185,0,0,0,0,1,0,1,0,0,0,0,0,1,0,1,0,0,0,0,0,0,0,0,0,0,0,0,0,1,0,0,0,0
0.102132,0.182736,0.171053,0.057692,0.088608,0.123077,0.057447,0,0.034483,0.102564,0,0,0,0,1,0,1,0,0,0,0,0,1,0,0,0,0,0,1,0,0,0,0,0,1,0,0,0,0,0,0,0,0
0.169473,0.334252,0.289474,0.076923,0.139241,0.261538,0.12766,0,0.068966,0.262108,0,0,0,0,1,0,1,0,0,0,0,0,1,0,0,0,0,0,1,0,0,0,0,0,1,0,0,0,0,0,0,0,0
0.147026,0.210285,0.210526,0.057692,0.164557,0.092308,0.038298,0,0.051724,0.128205,0,0,0,0,1,0,1,0,0,0,0,0,1,0,0,0,0,0,1,0,0,0,0,0,1,0,0,0,0,0,0,0,0
0.147026,0.210285,0.184211,0.076923,0.151899,0.138462,0.06383,0,0.068966,0.162393,0,0,0,0,1,0,1,0,0,0,0,0,1,0,1,0,0,0,0,0,0,0,0,0,0,0,0,0,1,0,0,0,0
0.169473,0.370983,0.315789,0.115385,0.139241,0.292308,0.12766,0,0.103448,0.091168,0,0,0,0,1,0,1,0,0,0,0,0,1,0,0,0,0,0,1,0,0,0,0,0,1,0,0,0,0,0,0,0,0
0.518519,0.761249,0.782895,0.307692,0.303797,0.446154,0.12766,0.006667,0.155172,0.421652,0,0,0,0,0,0,0,0,1,0,0,0,0,0,0,0,0,1,0,0,0,0,0,0,1,0,0,0,0,0,0,0,0
0.555556,0.788797,0.809211,0.442308,0.367089,0.430769,0.080851,0,0.310345,0.461538,0,0,0,0,0,0,0,1,0,0,0,0,0,0,0,0,0,1,0,0,0,0,0,0,1,0,0,0,0,0,0,0,0
0.113356,0.22865,0.203947,0.019231,0.063291,0.107692,0.014894,0,0.017241,0.188034,0,0,0,0,0,0,0,1,0,0,0,0,0,0,0,0,0,1,0,0,0,0,0,0,0,1,0,0,0,0,0,0,0
0.107744,0.15978,0.210526,0.096154,0.050633,0.061538,0.008511,0,0.017241,0.168091,0,0,0,0,0,0,0,1,0,0,0,0,0,0,0,0,0,1,0,0,0,0,0,0,1,0,0,0,0,0,0,0,0
0.223345,0.288338,0.355263,0.153846,0.113924,0.107692,0.042553,0,0.034483,0.321937,0,0,0,0,0,0,0,0,0,0,0,0,1,0,0,0,0,1,0,0,0,0,0,0,1,0,0,0,0,0,0,0,0
0.170595,0.439853,0.256579,0.096154,0.253165,0.415385,0.12766,0,0.275862,0.122507,0,0,0,0,0,0,1,0,0,0,0,0,1,0,0,0,0,0,1,0,0,0,0,0,1,0,0,0,0,0,0,0,0
0.003928,0.118457,0.039474,0.057692,0.025316,0.053846,0.008511,0,0,0,0,0,0,0,0,0,1,0,0,0,0,0,0,0,0,0,0,0,0,0,0,1,0,0,0,0,0,0,0,0,1,0,0
0.003928,0.05877,0.039474,0.057692,0.025316,0.052308,0.008511,0,0,0,0,0,0,0,0,0,1,0,0,0,0,0,0,1,0,0,0,0,0,0,0,0,0,0,0,0,0,0,0,0,1,0,0
0.057239,0.086318,0.046053,0.038462,0.126582,0.046154,0,0,0.086207,0.062678,0,0,0,0,1,0,1,0,1,0,0,0,0,0,1,0,0,0,0,0,0,0,0,0,0,0,0,0,1,0,0,0,0
0.214366,0.123049,0.065789,0.192308,0.075949,0.123077,0.106383,0,0.086207,0.031339,0.916667,0,0,1,0,0,0,0,0,0,0,0,0,0,0,0,1,0,0,0,0,0,0,0,0,0,1,0,0,0,0,0,0
0.214366,0.123049,0.065789,0.192308,0.075949,0.123077,0.106383,0,0.086207,0.031339,0.916667,0,0,1,0,0,0,0,0,0,0,0,0,0,0,0,1,0,0,0,0,0,0,0,0,0,1,0,0,0,0,0,0
0.214366,0.123049,0.065789,0.192308,0.075949,0.123077,0.106383,0,0.086207,0.02849,0.916667,0,0,1,0,0,0,0,0,0,0,0,0,0,0,0,1,0,0,0,0,0,0,0,0,0,1,0,0,0,0,0,0
0.214366,0.072544,0.065789,0.192308,0.025316,0.023077,0,1,0.02069,0.02849,0.916667,0,0,1,0,0,0,0,0,0,0,0,0,0,0,0,1,0,0,0,0,0,0,0,0,0,1,0,0,0,0,0,0
0.214366,0.054178,0.059211,0.173077,0.075949,0,0,0,0.034483,0.031339,1,0,0,1,0,0,0,0,0,0,0,0,0,0,0,0,1,0,0,0,0,0,0,0,0,0,1,0,0,0,0,0,0
0.158249,0.136823,0.177632,0.288462,0.063291,0.069231,0.061702,0,0.068966,0.022792,0,0,0,1,0,0,0,0,0,0,0,0,0,0,0,0,1,0,0,0,0,0,0,0,0,0,0,0,0,0,1,0,0
0.158249,0.136823,0.177632,0.288462,0.063291,0.066154,0.061702,0,0.068966,0.022792,0,0,0,1,0,0,0,0,0,0,0,0,0,0,0,0,1,0,0,0,0,0,0,0,0,0,0,0,0,0,1,0,0
0.158249,0.136823,0.171053,0.230769,0.063291,0.069231,0.059574,0,0.034483,0.022792,0.625,0,0,1,0,0,0,0,0,0,0,0,0,0,0,0,1,0,0,0,0,0,0,0,0,0,1,0,0,0,0,0,0
0.158249,0.146006,0.184211,0.269231,0.063291,0.069231,0.059574,0,0.034483,0.022792,0.625,0,0,1,0,0,0,0,0,0,0,0,0,0,0,0,1,0,0,0,0,0,0,0,0,0,0,0,0,0,1,0,0
0.158249,0.146006,0.184211,0.269231,0.063291,0.069231,0.059574,0,0.034483,0.022792,0.625,0,0,1,0,0,0,0,0,0,0,0,0,0,0,0,1,0,0,0,0,0,0,0,0,0,0,0,0,0,1,0,0
0.158249,0.146006,0.184211,0.269231,0.063291,0.069231,0.059574,0,0.034483,0.022792,0.625,0,0,1,0,0,0,0,0,0,0,0,0,0,0,0,1,0,0,0,0,0,0,0,0,0,0,0,0,0,1,0,0
0.203143,0.146006,0.157895,0.269231,0.075949,0.092308,0.017021,0,0,0.048433,0,0,0,1,0,0,0,0,0,0,0,0,0,0,0,0,1,0,0,0,0,0,0,0,0,0,0,1,0,0,0,0,0
0.203143,0.146006,0.151316,0.269231,0.075949,0.092308,0.019149,0,0,0.048433,0,0,0,1,0,0,0,0,0,0,0,0,0,0,0,0,1,0,0,0,0,0,0,0,0,0,0,1,0,0,0,0,0
0.270483,0.214876,0.184211,0.423077,0.101266,0.153846,0.106383,0,0.051724,0.022792,0,0,0,1,0,0,0,0,0,0,0,0,0,0,0,0,1,0,0,0,0,0,0,0,0,0,0,0,0,0,0,0,1
0.270483,0.214876,0.184211,0.423077,0.101266,0.153846,0.106383,0,0.051724,0.022792,0,0,0,1,0,0,0,0,0,0,0,0,0,0,0,0,1,0,0,0,0,0,0,0,0,0,0,0,0,0,0,0,1
0.203143,0.118457,0.059211,0.173077,0.075949,0.123077,0.106383,0,0.086207,0.02849,0.854167,0,0,1,0,0,0,0,0,0,0,0,0,0,0,0,1,0,0,0,0,0,0,0,0,0,1,0,0,0,0,0,0
0.214366,0.123049,0.065789,0.192308,0.075949,0.123077,0.106383,0,0.086207,0.02849,0.916667,0,0,1,0,0,0,0,0,0,0,0,0,0,0,0,1,0,0,0,0,0,0,0,0,0,1,0,0,0,0,0,0
0.214366,0.123049,0.065789,0.192308,0.075949,0.123077,0.106383,0,0.086207,0.02849,0.916667,0,0,1,0,0,0,0,0,0,0,0,0,0,0,0,1,0,0,0,0,0,0,0,0,0,1,0,0,0,0,0,0
0.214366,0.123049,0.065789,0.192308,0.075949,0.123077,0.106383,0,0.086207,0.02849,0.916667,0,0,1,0,0,0,0,0,0,0,0,0,0,0,0,1,0,0,0,0,0,0,0,0,0,1,0,0,0,0,0,0
0.214366,0.072544,0.065789,0.192308,0.075949,0.030769,0.031915,0,0.051724,0.02849,0.916667,0,0,1,0,0,0,0,0,0,0,0,0,0,0,0,1,0,0,0,0,0,0,0,0,0,1,0,0,0,0,0,0
0.191919,0.113866,0.059211,0.173077,0.075949,0.107692,0.106383,0,0.086207,0.027066,0.791667,0,0,1,0,0,0,0,0,0,0,0,0,0,0,0,1,0,0,0,0,0,0,0,0,0,1,0,0,0,0,0,0
0.152637,0.072544,0.118421,0.25,0.025316,0,0,0,0,0.008547,0,0,0,1,0,0,0,0,0,0,0,0,0,0,0,0,1,0,0,0,0,0,0,0,0,0,0,0,0,0,0,0,1
0.158249,0.090909,0.046053,0.134615,0.063291,0.090769,0.082979,0,0.086207,0.021368,0.458333,0,0,1,0,0,0,0,0,0,0,0,0,0,0,0,1,0,0,0,0,0,0,0,0,0,1,0,0,0,0,0,0
0.135802,0.109275,0.111842,0.25,0.050633,0.067692,0.061702,0,0.103448,0.025641,0.520833,0,0,1,0,0,0,0,0,0,0,0,0,0,0,0,1,0,0,0,0,0,0,0,0,0,0,0,0,0,0,0,1
0.079686,0.05877,0.092105,0.230769,0.017722,0.007692,0.006383,0,0,0.007123,0,0,0,1,0,0,0,0,0,0,0,0,0,0,0,0,1,0,0,0,0,0,0,0,0,0,0,0,0,0,0,0,1
0.079686,0.05877,0.092105,0.230769,0.017722,0.007692,0.006383,0,0,0.007123,0,0,0,1,0,0,0,0,0,0,0,0,0,0,0,0,1,0,0,0,0,0,0,0,0,0,0,0,0,0,0,0,1
0.158249,0.126722,0.105263,0.25,0.063291,0.076923,0.06383,0.033333,0.037931,0.012536,0.5125,0,0,1,0,0,0,0,0,0,0,0,0,0,0,0,1,0,0,0,0,0,0,0,0,0,0,0,0,0,0,0,1
0.203143,0.109275,0.118421,0.346154,0.050633,0.053846,0.044681,0,0.034483,0.019943,0,0,0,1,0,0,1,0,0,0,0,0,0,0,0,0,0,0,0,0,0,0,1,0,0,0,1,0,0,0,0,0,0
0.203143,0.118457,0.131579,0.384615,0.063291,0.053846,0.044681,0,0.034483,0.019943,0,0,0,1,0,0,1,0,0,0,0,0,0,0,0,0,0,0,0,0,0,0,1,0,0,0,1,0,0,0,0,0,0
0.214366,0.077135,0.131579,0.384615,0.012658,0,0,0,0,0.001425,0,0,0,1,0,0,1,0,0,0,0,0,0,0,0,0,0,0,0,0,1,0,0,0,0,0,0,0,0,0,1,0,0
0.203143,0.077135,0.125,0.307692,0.025316,0,0,0,0,0.019943,0.141667,0,0,1,0,0,1,0,0,0,0,0,0,0,0,0,0,0,0,0,1,0,0,1,0,0,0,0,0,0,0,0,0
0.203143,0.100092,0.157895,0.423077,0.025316,0,0,0,0,0.017094,0.341667,0,0,1,0,0,1,0,0,0,0,0,0,1,0,0,0,0,0,0,0,0,0,0,0,0,0,0,0,0,0,0,1
0.203143,0.05877,0.105263,0.307692,0,0,0,0,0,0,0,0,0,1,0,0,1,0,0,0,0,0,0,0,0,0,0,0,0,0,0,0,1,0,0,0,0,0,0,0,1,0,0
0.214366,0.090909,0.151316,0.346154,0.012658,0,0,0,0,0.002279,0,0,0,1,0,0,1,0,0,0,0,0,0,0,0,0,0,0,0,0,1,0,0,0,0,0,0,0,0,0,1,0,0
0.203143,0.104683,0.072368,0.192308,0.063291,0.092308,0.021277,0,0,0.037037,0,0,0,1,0,0,1,0,0,0,0,0,0,0,0,0,0,1,0,0,0,0,0,0,0,0,0,0,0,0,0,0,1
0.046016,0.108356,0.013158,0.019231,0.101266,0.138462,0.048936,0,0.086207,0.088319,0,0,0,0,0,1,1,0,1,0,0,0,0,0,1,0,0,0,0,0,0,0,0,1,0,0,0,0,0,0,0,0,0
0.023569,0.05877,0.006579,0.019231,0.050633,0.076923,0.031915,0.033333,0.051724,0.054131,0,0,0,0,0,1,1,0,1,0,0,0,0,0,1,0,0,0,0,0,0,0,0,1,0,0,0,0,0,0,0,0,0
0.023569,0.081726,0.003947,0.011538,0.050633,0.092308,0.042553,0,0.051724,0.051282,0,0,0,0,0,1,1,0,1,0,0,0,0,0,1,0,0,0,0,0,0,0,0,1,0,0,0,0,0,0,0,0,0
0.023569,0.077135,0.006579,0.019231,0.050633,0.107692,0.051064,0,0.051724,0.05698,0,0,0,0,0,1,1,0,1,0,0,0,0,0,1,0,0,0,0,0,0,0,0,1,0,0,0,0,0,0,0,0,0
0.062851,0.265381,0.026316,0.057692,0.151899,0.384615,0.148936,0.033333,0.172414,0.188034,0,0,0,0,0,1,1,0,1,0,0,0,0,0,1,0,0,0,0,0,0,0,0,1,0,0,0,0,0,0,0,0,0
0.023569,0.063361,0,0,0.050633,0.107692,0.057447,0,0.068966,0.065527,0,0,0,0,0,1,1,0,1,0,0,0,0,0,1,0,0,0,0,0,0,0,0,0,1,0,0,0,0,0,0,0,0
0.023569,0.063361,0,0,0.050633,0.107692,0.057447,0,0.068966,0.065527,0,0,0,0,0,1,1,0,1,0,0,0,0,0,1,0,0,0,0,0,0,0,0,1,0,0,0,0,0,0,0,0,0
0.023569,0.063361,0,0,0.050633,0.092308,0.06383,0,0.068966,0.068376,0,0,0,0,0,1,1,0,1,0,0,0,0,0,1,0,0,0,0,0,0,0,0,0,0,0,1,0,0,0,0,0,0
0.023569,0.066116,0.019737,0.038462,0.050633,0.076923,0.031915,0.033333,0.051724,0.062678,0,0,0,0,1,0,1,0,1,0,0,0,0,0,1,0,0,0,0,0,0,0,0,1,0,0,0,0,0,0,0,0,0
0.023569,0.077135,0.013158,0.038462,0.037975,0.107692,0.031915,0,0.051724,0.059829,0,0,0,0,1,0,1,0,1,0,0,0,0,0,1,0,0,0,0,0,0,0,0,1,0,0,0,0,0,0,0,0,0
0.102132,0.214876,0.039474,0.115385,0.151899,0.276923,0.170213,0.033333,0.172414,0.17094,0,0,0,0,1,0,1,0,1,0,0,0,0,0,1,0,0,0,0,0,0,0,0,1,0,0,0,0,0,0,0,0,0
0.102132,0.269972,0.039474,0.115385,0.151899,0.384615,0.170213,0.033333,0.172414,0.236467,0,0,0,0,1,0,1,0,1,0,0,0,0,0,1,0,0,0,0,0,0,0,0,0,1,0,0,0,0,0,0,0,0
0.023569,0.072544,0.006579,0.019231,0.037975,0.107692,0.06383,0,0.051724,0.062678,0,0,0,0,1,0,1,0,1,0,0,0,0,0,1,0,0,0,0,0,0,0,0,0,1,0,0,0,0,0,0,0,0
0.023569,0.067952,0.013158,0.038462,0.050633,0.092308,0.038298,0,0.068966,0.071225,0,0,0,0,1,0,1,0,1,0,0,0,0,0,1,0,0,0,0,0,0,0,0,0,1,0,0,0,0,0,0,0,0
0.017957,0.044995,0.019737,0.038462,0.037975,0.04,0.023404,0,0.017241,0.05698,0,0,0,0,0,0,1,0,1,0,0,0,0,0,0,1,0,0,0,0,0,0,0,0,1,0,0,0,0,0,0,0,0
0.046016,0.086318,0.039474,0.076923,0.088608,0.078462,0.053191,0,0.051724,0.11396,0,0,0,0,0,0,1,0,1,0,0,0,0,0,0,1,0,0,0,0,0,0,0,0,0,0,1,0,0,0,0,0,0
0.046016,0.089073,0.046053,0.076923,0.075949,0.076923,0.042553,0,0.034483,0.108262,0,0,0,0,0,0,1,0,1,0,0,0,0,0,0,1,0,0,0,0,0,0,0,0,0,0,0,0,0,0,0,0,1
0.057239,0.104683,0.052632,0.076923,0.075949,0.093846,0.051064,0,0.051724,0.125356,0,0,0,0,0,0,1,0,1,0,0,0,0,0,0,1,0,0,0,0,0,0,0,0,0,0,1,0,0,0,0,0,0
0.023569,0.035813,0,0,0.050633,0.035385,0.017021,0.033333,0.051724,0.088319,0,0,0,0,0,0,1,0,1,0,0,0,0,0,1,0,0,0,0,0,0,0,0,0,1,0,0,0,0,0,0,0,0
0.102132,0.334252,0.019737,0.057692,0.139241,0.523077,0.22766,0.033333,0.206897,0.259259,0,0,0,0,1,0,1,0,1,0,0,0,0,0,1,0,0,0,0,0,0,0,0,0,0,0,1,0,0,0,0,0,0
0.102132,0.306703,0.019737,0.038462,0.151899,0.476923,0.214894,0.033333,0.172414,0.266382,0,0,0,0,1,0,1,0,1,0,0,0,0,0,1,0,0,0,0,0,0,0,0,0,1,0,0,0,0,0,0,0,0
0.023569,0.081726,0.006579,0.019231,0.037975,0.138462,0.076596,0.006667,0.062069,0.071225,0,0,0,0,1,0,1,0,1,0,0,0,0,0,1,0,0,0,0,0,0,0,0,0,1,0,0,0,0,0,0,0,0
0.023569,0.063361,0.006579,0.019231,0.037975,0.107692,0.025532,0,0.051724,0.076923,0,0,0,0,0,1,1,0,1,0,0,0,0,0,1,0,0,0,0,0,0,0,0,0,1,0,0,0,0,0,0,0,0
0.068462,0.063361,0.006579,0.019231,0.037975,0.107692,0.031915,0,0.051724,0.039886,0,0,0,0,0,1,1,0,1,0,0,0,0,0,1,0,0,0,0,0,0,0,0,0,1,0,0,0,0,0,0,0,0
0.017957,0.035813,0.019737,0.019231,0.037975,0.029231,0.017021,0,0.017241,0.05698,0,0,0,0,0,0,1,0,1,0,0,0,0,0,0,1,0,0,0,0,0,0,0,0,1,0,0,0,0,0,0,0,0
0.057239,0.155188,0.026316,0.057692,0.101266,0.215385,0.12766,0,0.103448,0.139601,0,0,0,0,0,0,1,0,1,0,0,0,0,0,1,0,0,0,0,0,0,0,0,0,0,1,0,0,0,0,0,0,0
0.015713,0.035813,0.019737,0.057692,0.025316,0.029231,0,0,0.017241,0.042735,0,0,0,0,0,0,1,0,1,0,0,0,0,0,0,1,0,0,0,0,0,0,0,0,0,0,1,0,0,0,0,0,0
0.046016,0.104683,0.059211,0.173077,0.050633,0.107692,0.055319,0,0.017241,0.08547,0,0,0,0,1,0,1,0,1,0,0,0,0,0,0,1,0,0,0,0,0,0,0,0,1,0,0,0,0,0,0,0,0
0.046016,0.104683,0.059211,0.173077,0.050633,0.107692,0.055319,0,0.017241,0.08547,0,0,0,0,1,0,1,0,1,0,0,0,0,0,0,1,0,0,0,0,0,0,0,0,1,0,0,0,0,0,0,0,0
0.034792,0.05877,0.039474,0.115385,0.037975,0.050769,0.02766,0,0.017241,0.068376,0,0,0,0,1,0,1,0,1,0,0,0,0,0,0,1,0,0,0,0,0,0,0,1,0,0,0,0,0,0,0,0,0
0.023569,0.063361,0.032895,0.094231,0.037975,0.069231,0.038298,0,0.034483,0.045584,0,0,0,0,1,0,1,1,0,0,0,0,0,0,1,0,0,0,0,0,0,0,0,0,1,0,0,0,0,0,0,0,0
0.023569,0.090909,0.013158,0.038462,0.050633,0.138462,0.06383,0,0.051724,0.079772,0,0,0,0,1,0,1,0,1,0,0,0,0,0,1,0,0,0,0,0,0,0,0,0,0,0,0,0,1,0,0,0,0
0.023569,0.063361,0.026316,0.076923,0.050633,0.061538,0.021277,0,0.037931,0.079772,0,0,0,0,1,0,1,0,1,0,0,0,0,0,1,0,0,0,0,0,0,0,0,0,0,0,0,0,1,0,0,0,0
0,0,0.032895,0.019231,0.029114,0,0,0,0,0.048433,0,0,0,0,0,0,1,0,0,0,0,0,1,0,0,1,0,0,0,0,0,0,0,0,0,1,0,0,0,0,0,0,0
0.023569,0.063361,0.013158,0.038462,0.050633,0.073846,0.031915,0,0.051724,0.079772,0,0,0,0,1,0,1,0,1,0,0,0,0,0,1,0,0,0,0,0,0,0,0,0,1,0,0,0,0,0,0,0,0
0.025814,0.040404,0.006579,0.019231,0.075949,0.029231,0,0,0.068966,0.105413,0,0,0,0,0,0,1,1,0,0,0,0,0,0,1,0,0,0,0,0,0,0,0,0,1,0,0,0,0,0,0,0,0
0.025814,0.044995,0.039474,0.096154,0.037975,0.024615,0.006383,0,0.034483,0.111111,0,0,0,0,0,0,1,1,0,0,0,0,0,0,1,0,0,0,0,0,0,0,0,0,0,0,0,0,1,0,0,0,0
0.017957,0.092057,0.101974,0.105769,0.025316,0.015385,0.037234,0,0.00431,0.275641,0,0,1,0,1,0,1,1,0,0,0,0,0,0,0,0,0,0,1,0,0,0,0,1,0,0,0,0,0,0,0,0,0
0.017957,0.11157,0.083882,0.067308,0.025316,0.107692,0.111702,0.008333,0.00431,0.168091,0,0,1,0,1,0,1,1,0,0,0,0,0,1,0,0,0,0,0,0,0,0,0,0,0,0,0,1,0,0,0,0,0
0.017957,0.092057,0.101974,0.105769,0.025316,0.053846,0.037234,0,0.00431,0.275641,0,0,1,0,1,0,1,1,0,0,0,0,0,0,0,0,0,0,1,0,0,0,0,1,0,0,0,0,0,0,0,0,0
0.017957,0.092057,0.101974,0.105769,0.025316,0.053846,0.037234,0,0.00431,0.275641,0,0,1,0,1,0,1,1,0,0,0,0,0,0,0,0,0,0,1,0,0,0,0,1,0,0,0,0,0,0,0,0,0
0.012346,0.089761,0.106908,0.096154,0.031646,0.040385,0.029255,0,0,0.178063,0,1,0,0,1,0,1,0,1,0,0,0,0,0,0,0,0,0,1,0,0,0,0,0,0,0,1,0,0,0,0,0,0
0.012346,0.098944,0.115132,0.120192,0.015823,0.057692,0.047872,0,0.021552,0.178063,0,1,0,0,1,0,1,0,1,0,0,0,0,0,0,0,0,0,1,0,0,0,0,0,0,0,1,0,0,0,0,0,0
0.012346,0.075987,0.098684,0.096154,0.025316,0.026154,0.019149,0,0,0.14245,0,1,0,0,1,0,1,0,1,0,0,0,0,0,0,0,0,0,1,0,0,0,0,0,0,0,1,0,0,0,0,0,0
0.019753,0.103627,0.130263,0.019038,0.025063,0.045692,0.014745,0,0,0.090256,0,1,0,0,1,0,1,1,0,0,0,0,0,0,0,0,0,1,0,0,0,0,0,0,0,0,0,0,1,0,0,0,0
0.019753,0.094536,0.143289,0.031731,0.029241,0.012185,0.007723,0,0,0.126923,0,1,0,0,1,0,1,1,0,0,0,0,0,0,0,0,0,1,0,0,0,0,0,1,0,0,0,0,0,0,0,0,0
0.019753,0.32966,0.328947,0.115385,0.113924,0.215385,0.046809,0,0,0.350427,0,1,0,0,1,0,1,1,0,0,0,0,0,0,0,0,0,1,0,0,0,0,0,0,0,0,0,0,1,0,0,0,0
0.012346,0.067952,0.105263,0.115385,0.012658,0.013846,0,0,0,0.102564,0,1,0,0,0,1,1,0,1,0,0,0,0,0,0,0,0,0,1,0,0,0,0,0,0,0,1,0,0,0,0,0,0
0.012346,0.067952,0.085526,0.057692,0.012658,0.033846,0.02766,0,0.017241,0.111111,0,1,0,0,0,1,1,0,1,0,0,0,0,0,0,0,0,0,1,0,0,0,0,0,0,0,1,0,0,0,0,0,0
0.012346,0.086318,0.110197,0.100962,0.031646,0.030769,0.018617,0,0.00431,0.267806,0,0,1,0,1,0,1,1,0,0,0,0,0,0,0,0,0,0,1,0,0,0,0,1,0,0,0,0,0,0,0,0,0
0.012346,0.11157,0.083882,0.0625,0.025316,0.107692,0.117021,0.01,0.00431,0.276353,0,0,1,0,1,0,1,1,0,0,0,0,0,0,0,0,0,0,1,0,0,0,0,1,0,0,0,0,0,0,0,0,0
0.01459,0.081726,0.059211,0.038462,0.075949,0.049231,0.012766,0,0,0.207977,0,1,0,0,1,0,1,1,0,0,0,0,0,0,0,0,0,1,0,0,0,0,0,0,0,0,0,1,0,0,0,0,0
0.002245,0.031221,0.032895,0.019231,0.025316,0.012308,0,0,0.017241,0.233618,0,1,0,0,1,0,1,1,0,0,0,0,0,1,0,0,0,0,0,0,0,0,0,0,0,0,0,0,0,0,0,0,0
0,0.035813,0.039474,0.019231,0.012658,0.016923,0,0,0,0.259259,0,1,0,0,1,0,1,1,0,0,0,0,0,0,0,1,0,0,0,0,0,0,0,0,1,0,0,0,0,0,0,0,0
0.017957,0.089761,0.105263,0.091346,0.025316,0.046154,0.031915,0,0,0.289174,0,0,1,0,1,0,1,1,0,0,0,0,0,0,0,0,0,0,1,0,0,0,0,1,0,0,0,0,0,0,0,0,0
0.017957,0.113866,0.080592,0.067308,0.018987,0.119231,0.12766,0,0.00431,0.232906,0,0,1,0,1,0,1,1,0,0,0,0,0,0,0,0,0,0,1,0,0,0,0,1,0,0,0,0,0,0,0,0,0
0.017957,0.279155,0.322368,0.307692,0.088608,0.138462,0.093617,0,0.034483,1,0,0,1,0,1,0,1,0,0,0,1,0,0,0,0,0,0,0,1,0,0,0,0,0,0,0,0,0,1,0,0,0,0
0.012346,0.0691,0.080592,0.076923,0.022152,0.034615,0.023404,0,0.008621,0.25,0,0,1,0,1,0,1,1,0,0,0,0,0,0,0,0,0,0,1,0,0,0,0,1,0,0,0,0,0,0,0,0,0
0.034792,0.139118,0.197368,0.019231,0.056962,0.025385,0.009574,0,0.017241,0.190883,0,1,0,0,1,0,1,1,0,0,0,0,0,0,0,0,0,1,0,0,0,0,0,0,1,0,0,0,0,0,0,0,0
0.034792,0.134527,0.197368,0.048077,0.050633,0.020769,0.006383,0,0.017241,0.207977,0,1,0,0,1,0,1,1,0,0,0,0,0,0,0,0,0,1,0,0,0,0,0,0,1,0,0,0,0,0,0,0,0
0.010101,0.054178,0.065789,0.076923,0.037975,0.012308,0,0,0.086207,0.276353,0,1,0,0,1,0,1,1,0,0,0,0,0,1,0,0,0,0,0,0,0,0,0,0,0,0,0,0,1,0,0,0,0
0.017957,0.089761,0.105263,0.091346,0.025316,0.046154,0.031915,0,0,0.289174,0,0,1,0,1,0,1,1,0,0,0,0,0,0,0,0,0,0,1,0,0,0,0,1,0,0,0,0,0,0,0,0,0
0.017957,0.113866,0.080592,0.067308,0.018987,0.119231,0.12766,0,0.00431,0.232906,0,0,1,0,1,0,1,1,0,0,0,0,0,0,0,0,0,0,1,0,0,0,0,1,0,0,0,0,0,0,0,0,0
0.010101,0.063361,0.092105,0.057692,0.012658,0.02,0.017021,0,0.017241,0.128205,0,1,0,0,0,1,1,0,1,0,0,0,0,0,0,0,0,0,1,0,0,0,0,0,0,0,1,0,0,0,0,0,0
0.010101,0.063361,0.092105,0.057692,0.012658,0.016923,0.010638,0,0,0.125356,0,1,0,0,0,1,1,0,1,0,0,0,0,0,0,0,0,0,1,0,0,0,0,0,0,0,1,0,0,0,0,0,0
0.017957,0.090909,0.108553,0.125,0.022152,0.046154,0.031915,0,0,0.274929,0,0,1,0,1,0,1,0,0,0,0,0,1,0,0,0,0,0,1,0,0,0,0,1,0,0,0,0,0,0,0,0,0
0.017957,0.090909,0.110197,0.153846,0.025316,0.042308,0.053191,0,0.00431,0.283476,0,0,1,0,1,0,1,0,0,1,0,0,0,0,0,0,0,0,1,0,0,0,0,0,0,0,0,0,0,0,0,0,1
0.017957,0.092057,0.106908,0.076923,0.022152,0.05,0.031915,0,0,0.248575,0,0,1,0,1,0,1,1,0,0,0,0,0,0,0,0,0,0,1,0,0,0,0,1,0,0,0,0,0,0,0,0,0
0.017957,0.089761,0.105263,0.091346,0.025316,0.046154,0.031915,0,0,0.289174,0,0,1,0,1,0,1,1,0,0,0,0,0,0,0,0,0,0,1,0,0,0,0,1,0,0,0,0,0,0,0,0,0
0.309764,0.132231,0.171053,0.038462,0.075949,0.030769,0.012766,0,0.017241,0.148148,0,1,0,0,0,1,1,1,0,0,0,0,0,0,0,0,0,1,0,0,0,0,0,0,1,0,0,0,0,0,0,0,0
0.309764,0.132231,0.157895,0,0.088608,0.036923,0,0,0.017241,0.14245,0,1,0,0,0,1,1,1,0,0,0,0,0,0,0,0,0,1,0,0,0,0,0,0,0,1,0,0,0,0,0,0,0
0.309764,0.182736,0.309211,0.442308,0.025316,0.010769,0,0,0,0.156695,0,1,0,0,0,1,1,1,0,0,0,0,0,1,0,0,0,0,0,0,0,0,0,1,0,0,0,0,0,0,0,0,0
0.304153,0.412305,0.414474,0.153846,0.164557,0.246154,0.106383,0,0.206897,0.213675,0,0,1,0,0,1,1,1,0,0,0,0,0,0,0,0,0,1,0,0,0,0,0,0,1,0,0,0,0,0,0,0,0
0.309764,0.191919,0.302632,0,0.075949,0,0,0,0.034483,0.119658,0,0,1,0,0,1,1,1,0,0,0,0,0,0,0,0,0,1,0,0,0,0,0,0,1,0,0,0,0,0,0,0,0
0.309764,0.150597,0.243421,0,0.050633,0,0,0,0.034483,0.179487,0,0,1,0,0,1,1,1,0,0,0,0,0,0,0,0,0,1,0,0,0,0,0,1,0,0,0,0,0,0,0,0,0
0.214366,0.150597,0.144737,0.153846,0.075949,0.092308,0.055319,0,0,0.316239,0,0,1,0,1,0,1,0,0,0,1,0,0,1,0,0,0,0,0,0,0,0,0,0,0,0,0,0,1,0,0,0,0
0.017957,0.182736,0.118421,0.192308,0.202532,0.107692,0.038298,0,0.12069,0.179487,0,0,0,0,1,0,1,0,1,0,0,0,0,0,1,0,0,0,0,0,0,0,0,1,0,0,0,0,0,0,0,0,0
0.017957,0.191919,0.092105,0.211538,0.265823,0.123077,0.040426,0,0.206897,0.239316,0,0,0,0,1,0,1,0,1,0,0,0,0,0,1,0,0,0,0,0,0,0,0,1,0,0,0,0,0,0,0,0,0
0.017957,0.22865,0.184211,0.211538,0.177215,0.138462,0.059574,0,0.172414,0.150997,0,0,0,0,1,0,1,0,1,0,0,0,0,0,1,0,0,0,0,0,0,0,0,1,0,0,0,0,0,0,0,0,0
0.158249,0.219467,0.157895,0.346154,0.202532,0.138462,0.076596,0,0.051724,0.205128,0,0,0,0,1,0,1,0,0,0,1,0,0,0,1,0,0,0,0,0,0,0,0,0,0,0,0,0,0,0,0,0,1
0.270483,0.109275,0,0,0.240506,0.075385,0.042553,0.033333,0.103448,0.245014,0,1,0,0,1,0,1,1,0,0,0,0,0,0,1,0,0,0,0,0,0,0,0,0,0,0,0,0,0,1,0,0,0
0.270483,0.090909,0.013158,0,0.164557,0.064615,0.040426,0.033333,0.103448,0.37037,0,1,0,0,1,0,1,1,0,0,0,0,0,0,1,0,0,0,0,0,0,0,0,0,0,0,0,0,0,1,0,0,0
0.017957,0.247016,0.263158,0.269231,0.227848,0.067692,0.034043,0,0.12069,0.25641,0,0,0,0,1,0,1,0,1,0,0,0,0,0,1,0,0,0,0,0,0,0,0,0,0,0,0,0,1,0,0,0,0
0.017957,0.265381,0.184211,0.269231,0.253165,0.169231,0.085106,0,0.189655,0.216524,0,0,0,0,1,0,1,0,1,0,0,0,0,0,1,0,0,0,0,0,0,0,0,0,0,0,0,0,1,0,0,0,0
0.304153,0.348026,0.394737,0.134615,0.164557,0.153846,0.051064,0,0.068966,0.245014,0,0,0,0,1,0,1,1,0,0,0,0,0,0,0,0,0,1,0,0,0,0,0,1,0,0,0,0,0,0,0,0,0
0.304153,0.435262,0.401316,0.153846,0.164557,0.307692,0.12766,0,0.137931,0.17094,0,0,0,0,0,1,1,1,0,0,0,0,0,0,0,0,0,1,0,0,0,0,0,0,1,0,0,0,0,0,0,0,0
0.304153,0.306703,0.375,0.115385,0.113924,0.123077,0.031915,0,0.155172,0.216524,0,0,0,0,0,1,1,0,1,0,0,0,0,0,0,0,0,1,0,0,0,0,0,0,0,1,0,0,0,0,0,0,0
0.304153,0.366391,0.440789,0.192308,0.21519,0.107692,0.048936,0,0.103448,0.179487,0,0,0,0,0,1,1,0,1,0,0,0,0,0,0,0,0,1,0,0,0,0,0,0,1,0,0,0,0,0,0,0,0
0.200337,0.302112,0.407895,0.134615,0.088608,0.092308,0.021277,0,0.034483,0.327635,0,1,0,0,0,1,1,0,0,0,1,0,0,0,0,0,0,1,0,0,0,0,0,0,0,0,0,0,0,1,0,0,0
0.195511,0.283747,0.421053,0.115385,0.113924,0.030769,0.021277,0,0.017241,0.384615,0,1,0,0,0,1,1,1,0,0,0,0,0,0,0,0,0,1,0,0,0,0,0,0,0,0,0,0,0,1,0,0,0
0.182941,0.237833,0.335526,0,0.075949,0.052308,0.029787,0,0,0.296296,0,1,0,0,0,1,1,1,0,0,0,0,0,0,0,0,0,1,0,0,0,0,0,0,0,1,0,0,0,0,0,0,0
0.186308,0.242424,0.342105,0.019231,0.113924,0.035385,0.017021,0,0.051724,0.279202,0,1,0,0,0,1,1,1,0,0,0,0,0,0,0,0,0,1,0,0,0,0,0,0,0,1,0,0,0,0,0,0,0
0.181818,0.233242,0.322368,0.019231,0.088608,0.049231,0.02766,0,0.017241,0.264957,0,1,0,0,0,1,1,1,0,0,0,0,0,0,0,0,0,1,0,0,0,0,0,0,0,0,0,0,0,1,0,0,0
0.326599,0.05877,0.039474,0.038462,0.050633,0.044615,0.025532,0,0.017241,0.00114,0,1,0,0,1,0,1,1,0,0,0,0,0,1,0,0,0,0,0,0,0,0,0,0,0,0,0,0,0,1,0,0,0
0.326599,0.017447,0,0,0.037975,0.013846,0.010638,0,0,0.148148,0,1,0,0,1,0,1,1,0,0,0,0,0,0,0,0,0,0,0,1,0,0,0,1,0,0,0,0,0,0,0,0,0
0.214366,0.187328,0.144737,0.192308,0.265823,0.056923,0.021277,0,0.275862,0.242165,0,0,0,0,0,1,1,1,0,0,0,0,0,0,1,0,0,0,0,0,0,0,0,1,0,0,0,0,0,0,0,0,0
0.214366,0.182736,0.131579,0.230769,0.265823,0.064615,0.02766,0,0.327586,0.299145,0,0,0,0,0,1,1,1,0,0,0,0,0,0,1,0,0,0,0,0,0,0,0,1,0,0,0,0,0,0,0,0,0
0.158249,0.081726,0.092105,0.096154,0.088608,0.010769,0,0,0.034483,0.247863,0,0,1,0,1,0,1,1,0,0,0,0,0,1,0,0,0,0,0,0,0,0,0,0,0,1,0,0,0,0,0,0,0
0.158249,0.113866,0.085526,0.115385,0.088608,0.076923,0.012766,0,0.172414,0.245014,0,0,1,0,1,0,1,1,0,0,0,0,0,0,0,1,0,0,0,0,0,0,0,1,0,0,0,0,0,0,0,0,0
0.158249,0.146006,0.105263,0.173077,0.126582,0.092308,0.012766,0,0.086207,0.321937,0,0,1,0,1,0,1,1,0,0,0,0,0,0,1,0,0,0,0,0,0,0,0,1,0,0,0,0,0,0,0,0,0
0.158249,0.178145,0.098684,0.153846,0.088608,0.184615,0.080851,0,0.086207,0.245014,0,0,1,0,1,0,1,1,0,0,0,0,0,0,1,0,0,0,0,0,0,0,0,1,0,0,0,0,0,0,0,0,0
0.191919,0.251607,0.151316,0.096154,0.291139,0.153846,0.070213,0,0.189655,0.25641,0,0,0,0,0,1,1,0,1,0,0,0,0,0,1,0,0,0,0,0,0,0,0,1,0,0,0,0,0,0,0,0,0
0.191919,0.288338,0.315789,0.211538,0.253165,0.076923,0.040426,0,0.172414,0.296296,0,0,0,0,0,1,1,0,1,0,0,0,0,0,1,0,0,0,0,0,0,0,0,0,0,0,0,0,0,0,0,0,1
0.191919,0.132231,0.065789,0.057692,0.139241,0.107692,0.051064,0,0.086207,0.330484,0,0,0,0,0,1,1,1,0,0,0,0,0,1,0,0,0,0,0,0,0,0,0,0,1,0,0,0,0,0,0,0,0
0.270483,0.063361,0,0,0.158228,0.032308,0.034043,0,0.043103,0.185185,0,1,0,0,1,0,1,1,0,0,0,0,0,0,0,0,0,0,0,1,0,0,0,0,1,0,0,0,0,0,0,0,0
0.309764,0.297521,0.440789,0.5,0.151899,0.015385,0,0,0,0.105413,0,1,0,0,0,1,1,1,0,0,0,0,0,0,0,0,0,0,1,0,0,0,0,0,0,0,0,1,0,0,0,0,0
0.304153,0.370983,0.447368,0.134615,0.101266,0.169231,0.068085,0,6.90E-05,0.000276,0,0,0,0,0,1,1,0,0,0,1,0,0,0,0,0,0,1,0,0,0,0,0,0,1,0,0,0,0,0,0,0,0
0.191919,0.168962,0.184211,0.25,0.126582,0.055385,0.038298,0,0.137931,0.262108,0,0,0,0,0,1,1,1,0,0,0,0,0,0,1,0,0,0,0,0,0,0,0,1,0,0,0,0,0,0,0,0,0
0.214366,0.123049,0.059211,0.134615,0.113924,0.107692,0.12766,0,0.051724,0.319088,0,0,1,0,1,0,1,0,0,0,0,1,0,0,1,0,0,0,0,0,0,0,0,1,0,0,0,0,0,0,0,0,0
0.214366,0.168962,0.105263,0.153846,0.151899,0.123077,0.106383,0,0.137931,0.236467,0,0,1,0,1,0,1,0,0,0,0,1,0,0,1,0,0,0,0,0,0,0,0,1,0,0,0,0,0,0,0,0,0
0.259259,0.205693,0.335526,0,0.063291,0,0,0,0,0.001425,0,1,0,0,1,0,1,1,0,0,0,0,0,0,0,0,0,1,0,0,0,0,0,0,0,0,0,1,0,0,0,0,0
0.193715,0.375574,0.559211,0,0.126582,0.055385,0.038298,0,0.017241,0.393162,0,1,0,0,0,1,1,1,0,0,0,0,0,0,0,0,0,1,0,0,0,0,0,0,0,0,0,0,0,1,0,0,0
0.023569,0.017447,0.032895,0.096154,0,0,0,0,0,0,0,0,0,0,0,0,1,1,0,0,0,0,0,0,0,0,0,0,0,0,1,0,0,0,0,0,0,0,0,0,0,0,1
0.046016,0.067952,0.006579,0,0.063291,0.076923,0.042553,0,0.586207,0.034188,0,0,0,0,0,0,1,0,0,0,0,0,0,0,0,0,0,0,0,0,0,0,0,0,0,0,0,0,0,0,0,0,0
0.046016,0.056474,0,0,0.091772,0.057692,0.034574,0,0.099138,0.093661,0,0,0,0,1,0,1,0,0,0,0,0,0,0,0,1,0,0,0,0,0,0,0,0,0,1,0,0,0,0,0,0,0
0.214366,0.198806,0.049342,0.067308,0.196203,0.215385,0.095745,0.016667,0.198276,0.390313,0,1,0,0,1,0,1,1,0,0,0,0,0,1,0,0,0,0,0,0,0,0,0,0,0,1,0,0,0,0,0,0,0
0.102132,0.187328,0.078947,0.115385,0.151899,0.184615,0.044681,0,0.068966,0.19943,0,0,0,1,0,0,1,1,0,0,0,0,0,0,0,1,0,0,0,0,0,0,0,0,0,0,0,0,1,0,0,0,0
0.102132,0.109275,0.052632,0.096154,0.164557,0.061538,0.014894,0,0.086207,0.17094,0,0,0,0,0,0,1,1,0,0,0,0,0,0,0,1,0,0,0,0,0,0,0,1,0,0,0,0,0,0,0,0,0
0.102132,0.113866,0.065789,0.115385,0.177215,0.047692,0,0,0.086207,0.173789,0,0,0,0,0,0,1,1,0,0,0,0,0,0,0,1,0,0,0,0,0,0,0,0,0,0,0,0,0,0,0,0,1
0.102132,0.0955,0.065789,0.173077,0.164557,0.021538,0,0,0.086207,0.182336,0,0,0,0,0,0,1,1,0,0,0,0,0,0,0,1,0,0,0,0,0,0,0,0,0,0,0,0,0,0,0,0,1
0.102132,0.191919,0.032895,0.076923,0.151899,0.246154,0.093617,0,0.275862,0.179487,0,0,0,0,1,0,1,1,0,0,0,0,0,0,0,1,0,0,0,0,0,0,0,0,0,0,0,0,1,0,0,0,0
0.023569,0.017447,0.032895,0.096154,0,0,0,0,0,0,0,0,0,0,0,0,1,0,0,0,0,0,0,0,0,0,0,0,0,0,1,0,0,0,0,0,0,0,0,0,1,0,0
0.102132,0.12764,0,0,0.240506,0.107692,0.031915,0,0.155172,0.116809,0,0,0,0,0,0,1,0,0,0,0,0,0,0,0,1,0,0,0,0,0,0,0,0,0,0,0,0,0,0,0,0,1
0.102132,0.104683,0.059211,0.134615,0.164557,0.047692,0.012766,0,0.068966,0.205128,0,0,0,0,0,0,1,1,0,0,0,0,0,0,0,1,0,0,0,0,0,0,0,0,0,0,0,0,0,0,0,0,1
0.102132,0.104683,0.052632,0.096154,0.126582,0.076923,0.019149,0,0.051724,0.145299,0,0,0,0,0,0,1,1,0,0,0,0,0,0,0,1,0,0,0,0,0,0,0,1,0,0,0,0,0,0,0,0,0
0.124579,0.458219,0.526316,0.088462,0.139241,0.230769,0.170213,0,0,0.529915,0,1,0,0,1,0,1,1,0,0,0,0,0,0,0,0,0,0,1,0,0,0,0,0,0,0,0,0,0,0,0,0,1
0.135802,0.46281,0.506579,0.115385,0.164557,0.246154,0.148936,0,0.068966,0.527066,0,1,0,0,1,0,1,1,0,0,0,0,0,0,0,0,0,0,1,0,0,0,0,0,0,1,0,0,0,0,0,0,0
0.141414,0.481175,0.539474,0.115385,0.139241,0.261538,0.170213,0,0.024138,0.447293,0,1,0,0,1,0,1,0,1,0,0,0,0,0,0,0,0,0,1,0,0,0,0,0,0,0,1,0,0,0,0,0,0
0.03266,0.109275,0.177632,0.057692,0.025316,0.007692,0,0,0,0.253561,0,1,0,0,0,1,1,1,0,0,0,0,0,0,0,0,0,0,1,0,0,0,0,0,0,0,0,0,0,0,0,0,1
0.113356,0.449036,0.5,0.096154,0.126582,0.246154,0.170213,0,0,0.452991,0,1,0,0,0,1,1,0,0,1,0,0,0,0,0,0,0,0,1,0,0,0,0,0,0,0,0,0,1,0,0,0,0
0.113356,0.439853,0.486842,0.076923,0.126582,0.246154,0.170213,0,0,0.467236,0,1,0,0,1,0,1,1,0,0,0,0,0,0,0,0,0,0,1,0,0,0,0,0,0,0,0,0,0,0,0,0,1
0.118967,0.435262,0.5,0.134615,0.139241,0.215385,0.148936,0,0,0.282051,0,0,1,0,0,1,1,0,0,0,1,0,0,0,0,0,0,0,1,0,0,0,0,0,0,0,0,0,1,0,0,0,0
0.102132,0.407713,0.407895,0.134615,0.139241,0.261538,0.148936,0,0.017241,0.450142,0,1,0,0,0,1,1,0,0,1,0,0,0,0,0,0,0,0,1,0,0,0,0,0,0,1,0,0,0,0,0,0,0
0.035915,0.109275,0.157895,0.057692,0.050633,0.016923,0,0,0,0.264957,0,1,0,0,0,1,1,1,0,0,0,0,0,0,0,0,0,0,1,0,0,0,0,0,1,0,0,0,0,0,0,0,0
0.147026,0.43067,0.565789,0.25,0.113924,0.153846,0.104255,0,0,0.22792,0,0,1,0,0,1,1,1,0,0,0,0,0,0,0,0,0,0,1,0,0,0,0,1,0,0,0,0,0,0,0,0,0
0.042649,0.12764,0.203947,0.057692,0.050633,0,0,0,0,0.225071,0,1,0,0,0,1,1,0,0,0,0,1,0,0,0,0,0,0,1,0,0,0,0,0,1,0,0,0,0,0,0,0,0
0.068462,0.279155,0.296053,0.076923,0.075949,0.169231,0.106383,0,0,0.17094,0,0,1,0,0,1,1,0,0,0,1,0,0,0,0,0,0,0,1,0,0,0,0,0,0,0,0,0,1,0,0,0,0
0.059484,0.242424,0.25,0.096154,0.101266,0.169231,0.106383,0,0.010345,0.273504,0,1,0,0,0,1,1,0,0,1,0,0,0,0,0,0,0,0,1,0,0,0,0,0,0,1,0,0,0,0,0,0,0
0.141414,0.129936,0.111842,0.057692,0.044304,0.103846,0.06383,0,0,0.089031,0,0,0,0,1,0,1,1,0,0,0,0,0,0,0,0,0,0,1,0,0,0,0,0,0,0,0,0,0,0,0,0,1
0.158249,0.513315,0.605263,0.230769,0.177215,0.230769,0.148936,0,0,0.350427,0,0,1,0,1,0,1,0,1,0,0,0,0,0,0,0,0,0,1,0,0,0,0,1,0,0,0,0,0,0,0,0,0
0.113356,0.412305,0.440789,0.038462,0.113924,0.246154,0.12766,0,0.103448,0.464387,0,1,0,0,0,1,1,1,0,0,0,0,0,0,0,0,0,0,1,0,0,0,0,0,0,0,0,0,0,0,0,0,1
0.124579,0.435262,0.526316,0.307692,0.113924,0.2,0.148936,0,0,0.25641,0,0,1,0,0,1,1,1,0,0,0,0,0,0,0,0,0,0,1,0,0,0,0,0,0,0,0,0,1,0,0,0,0
0.124579,0.490358,0.532895,0.153846,0.151899,0.276923,0.170213,0,0,0.247863,0,0,1,0,0,1,1,0,0,0,1,0,0,0,0,0,0,0,1,0,0,0,0,0,1,0,0,0,0,0,0,0,0
0.096521,0.375574,0.434211,0.096154,0.113924,0.184615,0.148936,0,0.012069,0.236467,0,0,1,0,0,1,1,0,1,0,0,0,0,0,0,0,0,0,1,0,0,0,0,0,0,0,1,0,0,0,0,0,0
0.113356,0.426079,0.473684,0.076923,0.126582,0.230769,0.148936,0,0.041379,0.529915,0,1,0,0,0,1,1,0,1,0,0,0,0,0,0,0,0,0,1,0,0,0,0,0,0,1,0,0,0,0,0,0,0
0.124579,0.444444,0.519737,0.076923,0.139241,0.215385,0.148936,0,0.051724,0.504274,0,1,0,0,1,0,1,0,0,0,1,0,0,0,0,0,0,0,1,0,0,0,0,0,0,1,0,0,0,0,0,0,0
0.039282,0.12764,0.203947,0.076923,0.050633,0,0,0,0,0.159544,0,1,0,0,0,1,1,0,0,0,0,1,0,0,0,0,0,0,1,0,0,0,0,0,0,0,0,0,0,0,0,0,0
0.141414,0.522498,0.506579,0.076923,0.253165,0.307692,0.170213,0,0,0.31339,0,1,0,0,1,0,1,1,0,0,0,0,0,0,0,0,0,0,1,0,0,0,0,0,0,0,0,0,1,0,0,0,0
0.141414,0.132231,0.111842,0.057692,0.126582,0.066154,0.034043,0,0.089655,0.125356,0,0,0,0,1,0,1,0,0,0,1,0,0,0,0,1,0,0,0,0,0,0,0,0,1,0,0,0,0,0,0,0,0
0.242424,0.338843,0.434211,0,0.113924,0.123077,0.02766,0,0.155172,0.222222,0,0,0,0,1,0,1,0,0,0,1,0,0,0,0,0,0,1,0,0,0,0,0,0,0,0,0,0,0,0,0,0,0
0.144781,0.306703,0.296053,0.076923,0.177215,0.169231,0.093617,0,0.051724,0.173789,0,0,0,0,1,0,1,0,1,0,0,0,0,0,0,0,0,0,1,0,0,0,0,1,0,0,0,0,0,0,0,0,0
0.158249,0.375574,0.289474,0.076923,0.202532,0.292308,0.148936,0.02,0.137931,0.159544,0,0,0,0,1,0,1,0,1,0,0,0,0,0,0,0,0,0,1,0,0,0,0,0,0,1,0,0,0,0,0,0,0
0.159371,0.3618,0.309211,0.076923,0.177215,0.261538,0.106383,0.02,0.103448,0.133903,0,0,0,0,1,0,1,0,1,0,0,0,0,0,0,0,0,0,1,0,0,0,0,1,0,0,0,0,0,0,0,0,0
0.141414,0.380165,0.315789,0.057692,0.227848,0.261538,0.12766,0.133333,0.155172,0.165242,0,0,0,0,1,0,1,0,1,0,0,0,0,0,0,0,0,0,1,0,0,0,0,0,1,0,0,0,0,0,0,0,0
0.147026,0.338843,0.302632,0.115385,0.189873,0.215385,0.106383,0.013333,0.086207,0.105413,0,0,0,0,1,0,1,0,1,0,0,0,0,0,0,0,0,0,1,0,0,0,0,0,0,0,0,0,0,0,1,0,0
0.158249,0.279155,0.315789,0.269231,0.101266,0.138462,0.046809,0,0.034483,0.165242,0,0,0,0,0,1,1,0,1,0,0,0,0,0,0,0,1,0,0,0,0,0,0,1,0,0,0,0,0,0,0,0,0
0.158249,0.325069,0.236842,0.096154,0.189873,0.261538,0.148936,0.033333,0.12069,0.242165,0,0,0,0,0,1,1,0,1,0,0,0,0,0,0,0,1,0,0,0,0,0,0,0,1,0,0,0,0,0,0,0,0
0.158249,0.334252,0.276316,0.173077,0.227848,0.215385,0.12766,0.033333,0.137931,0.262108,0,0,0,0,0,1,1,0,1,0,0,0,0,0,0,0,1,0,0,0,0,0,0,0,1,0,0,0,0,0,0,0,0
0.158249,0.348026,0.243421,0.076923,0.189873,0.292308,0.148936,0.033333,0.12069,0.185185,0,0,0,0,0,1,1,0,1,0,0,0,0,0,0,0,1,0,0,0,0,0,0,1,0,0,0,0,0,0,0,0,0
0.242424,0.113866,0.125,0.057692,0.126582,0.018462,0.008511,0,0.007931,0.128205,0,0,0,0,1,0,1,0,0,0,1,0,0,1,0,0,0,0,0,0,0,0,0,0,0,1,0,0,0,0,0,0,0
0.141414,0.210285,0.144737,0.096154,0.189873,0.138462,0.070213,0,0.103448,0.128205,0,0,0,0,1,0,1,0,0,0,1,0,0,0,1,0,0,0,0,0,0,0,0,0,0,0,0,0,1,0,0,0,0
0.191919,0.357208,0.269737,0.346154,0.265823,0.246154,1,0,0.000293,0.000151,0,0,0,0,0,1,1,1,0,0,0,0,0,0,1,0,0,0,0,0,0,0,0,0,0,0,0,0,0,0,0,0,1
0.191919,0.26079,0.203947,0.173077,0.139241,0.2,0.12766,0,0.000121,0.000219,0,0,0,0,0,1,1,0,1,0,0,0,0,0,0,0,1,0,0,0,0,0,0,1,0,0,0,0,0,0,0,0,0
0.191919,0.256198,0.203947,0.269231,0.126582,0.2,0.148936,0.033333,0.000121,0.000137,0,0,0,0,0,1,1,0,0,0,0,0,1,0,0,0,1,0,0,0,0,0,0,1,0,0,0,0,0,0,0,0,0
0.169473,0.407713,0.368421,0.307692,0.21519,0.261538,0.106383,0,0.000138,0.000188,0,0,0,0,0,1,1,0,0,0,1,0,0,0,1,0,0,0,0,0,0,0,0,0,0,0,0,0,0,0,0,0,1
0.309764,0.164371,0.269737,0.442308,0.025316,0.012308,0,0,0,0.131054,0,1,0,0,0,1,1,1,0,0,0,0,0,1,0,0,0,0,0,0,0,0,0,1,0,0,0,0,0,0,0,0,0
0.214366,0.050597,0.028224,0.031731,0.020886,0.055846,0.063191,0,0.045517,0.045128,0,1,0,0,1,0,1,0,1,0,0,0,0,0,0,0,1,0,0,0,0,0,0,0,0,0,1,0,0,0,0,0,0
0.214366,0.050597,0.052105,0.069808,0.020886,0.030462,0.018957,0,0.017069,0.038547,0,1,0,0,1,0,1,0,1,0,0,0,0,0,0,0,1,0,0,0,0,0,0,1,0,0,0,0,0,0,0,0,0
0.046016,0.092718,0.052105,0.019038,0.10443,0.070062,0.017553,0.0044,0,0.050769,0,0,0,0,0,0,0,0,0,1,0,0,0,0,0,0,0,1,0,0,0,0,0,0,0,0,0,1,0,0,0,0,0
0.387205,0.233242,0.365132,0.105769,0.075949,0.026923,0,0,0,0.000305,0,1,0,0,1,0,1,0,0,1,0,0,0,0,0,0,0,0,1,0,0,0,0,0,0,1,0,0,0,0,0,0,0
0.041526,0.067952,0.026316,0.057692,0.063291,0.063077,0.012766,0,0,0.048433,0,0,0,0,1,0,1,1,0,0,0,0,0,0,1,0,0,0,0,0,0,0,0,0,1,0,0,0,0,0,0,0,0
0.023569,0.049587,0.026316,0.019231,0.037975,0.046154,0.021277,0,0.017241,0.032764,0,0,0,0,1,0,1,1,0,0,0,0,0,0,1,0,0,0,0,0,0,0,0,1,0,0,0,0,0,0,0,0,0
0.20651,0.217172,0.335526,0.173077,0.06962,0.023077,0.011702,0,0,0.245014,0,0,0,0,1,0,1,1,0,0,0,0,0,0,0,0,0,0,1,0,0,0,0,1,0,0,0,0,0,0,0,0,0
0.138047,0.164371,0.223684,0.144231,0.063291,0.046154,0.02766,0,0.008621,0.269231,0,1,0,0,1,0,1,0,0,0,1,0,0,0,0,0,0,0,1,0,0,0,0,0,0,1,0,0,0,0,0,0,0
0.249158,0.166667,0.240132,0.038462,0.056962,0.038462,0.009574,0,0,0.239316,0,1,0,0,1,0,1,0,0,1,0,0,0,0,0,0,0,0,1,0,0,0,0,0,0,1,0,0,0,0,0,0,0
0.248036,0.380165,0.414474,0.019231,0.177215,0.184615,0.061702,0,0.241379,0.301994,0,0,0,0,0,1,1,0,0,0,1,0,0,0,0,0,0,1,0,0,0,0,0,0,0,0,0,0,0,0,0,0,0
0.270483,0.11157,0.088816,0.096154,0.101266,0.061538,0.019149,0,0.008621,0.367521,0,1,0,0,1,0,1,1,0,0,0,0,0,0,0,0,0,0,1,0,0,0,0,1,0,0,0,0,0,0,0,0,0
0.214366,0.150597,0.098684,0.057692,0.075949,0.138462,0.106383,0.033333,0.051724,0.150997,0,1,0,0,0,1,1,0,1,0,0,0,0,0,0,0,1,0,0,0,0,0,0,1,0,0,0,0,0,0,0,0,0
0.214366,0.168962,0.111842,0.019231,0.139241,0.123077,0.12766,0.033333,0.103448,0.122507,0,1,0,0,0,1,1,0,1,0,0,0,0,0,1,0,0,0,0,0,0,0,0,1,0,0,0,0,0,0,0,0,0
0.214366,0.141414,0.144737,0.25,0.037975,0.092308,0.091489,0,0.068966,0.105413,0,1,0,0,0,1,1,0,1,0,0,0,0,1,0,0,0,0,0,0,0,0,0,0,0,0,1,0,0,0,0,0,0
0.270483,0.129936,0.0625,0.038462,0.158228,0.092308,0.021277,0,0,0.326211,0,1,0,0,1,0,1,1,0,0,0,0,0,0,0,0,0,0,1,0,0,0,0,0,0,0,0,1,0,0,0,0,0
0.088664,0.233242,0.171053,0.057692,0.151899,0.169231,0.106383,0.033333,0.000828,0.000912,0,0,0,0,0,1,1,0,1,0,0,0,0,0,0,0,0,1,0,0,0,0,0,0,0,0,1,0,0,0,0,0,0
0.097643,0.22865,0.217105,0.096154,0.126582,0.138462,0.070213,0,0.000862,0.001054,0,0,0,0,0,1,1,0,1,0,0,0,0,0,0,0,0,1,0,0,0,0,0,0,0,0,1,0,0,0,0,0,0
0.088664,0.22865,0.171053,0.038462,0.126582,0.153846,0.102128,0,0.00069,0.001054,0,0,0,0,0,1,1,0,1,0,0,0,0,0,0,0,0,1,0,0,0,0,0,0,0,0,1,0,0,0,0,0,0
0.08642,0.251607,0.203947,0.134615,0.126582,0.184615,0.097872,0,0.00069,0.000741,0,0,0,0,0,1,1,0,1,0,0,0,0,0,0,0,0,1,0,0,0,0,0,0,0,0,1,0,0,0,0,0,0
0.304153,0.302112,0.381579,0.192308,0.139241,0.092308,0.046809,0,0.017241,0.250712,0,0,0,0,0,1,1,0,1,0,0,0,0,0,0,0,0,0,1,0,0,0,0,0,1,0,0,0,0,0,0,0,0
0.309764,0.146006,0.203947,0,0.088608,0.016923,0,0,0.034483,0.108262,0,1,0,0,0,1,1,1,0,0,0,0,0,0,0,0,0,1,0,0,0,0,0,0,1,0,0,0,0,0,0,0,0
0.309764,0.136823,0.190789,0,0.075949,0.021538,0,0,0.017241,0.128205,0,1,0,0,0,1,1,1,0,0,0,0,0,0,0,0,0,1,0,0,0,0,0,0,0,1,0,0,0,0,0,0,0
0.270483,0.118457,0.072368,0.038462,0.101266,0.092308,0.021277,0,0.017241,0.321937,0,1,0,0,1,0,1,1,0,0,0,0,0,0,0,0,0,0,1,0,0,0,0,0,0,0,0,0,0,0,0,0,0
0.270483,0.061065,0,0,0.088608,0.069231,0.052128,0.016667,0.068966,0.260684,0,1,0,0,1,0,1,1,0,0,0,0,0,0,1,0,0,0,0,0,0,0,0,0,0,1,0,0,0,0,0,0,0
0.270483,0.063361,0.013158,0.028846,0.06962,0.069231,0.053191,0,0.068966,0.236467,0,1,0,0,1,0,1,1,0,0,0,0,0,1,0,0,0,0,0,0,0,0,0,0,1,0,0,0,0,0,0,0,0
0.270483,0.123049,0.059211,0.019231,0.139241,0.092308,0.021277,0,0.017241,0.222222,0,1,0,0,1,0,1,1,0,0,0,0,0,0,0,0,0,0,1,0,0,0,0,1,0,0,0,0,0,0,0,0,0
0.248036,0.398531,0.506579,0.173077,0.151899,0.138462,0.068085,0,0.155172,0.259259,0,0,0,0,1,0,1,0,0,1,0,0,0,0,0,0,0,1,0,0,0,0,0,0,1,0,0,0,0,0,0,0,0
0.242424,0.3618,0.414474,0.019231,0.164557,0.153846,0.051064,0,0.137931,0.222222,0,0,0,0,1,0,1,1,0,0,0,0,0,0,0,0,0,1,0,0,0,0,0,0,1,0,0,0,0,0,0,0,0
0.242424,0.338843,0.407895,0,0.151899,0.123077,0.03617,0,0.12069,0.262108,0,0,0,0,1,0,1,1,0,0,0,0,0,0,0,0,0,1,0,0,0,0,0,0,0,0,0,0,0,0,0,0,0
0.151515,0.416896,0.289474,0.038462,0.278481,0.323077,0.361702,0,0.258621,0.213675,0,0,0,0,1,0,1,0,1,0,0,0,0,0,0,0,0,0,1,0,0,0,0,0,0,0,1,0,0,0,0,0,0
0.214366,0.224059,0.361842,0.096154,0.075949,0,0,0,0,0.441595,0,1,0,0,0,1,1,0,0,0,0,1,0,0,0,0,0,0,1,0,0,0,0,1,0,0,0,0,0,0,0,0,0
0.214366,0.251607,0.381579,0.076923,0.075949,0.030769,0.02766,0,0,0.464387,0,1,0,0,0,1,1,0,0,0,0,1,0,0,0,0,0,0,1,0,0,0,0,1,0,0,0,0,0,0,0,0,0
0.34119,0.370983,0.460526,0.153846,0.21519,0.107692,0.051064,0,0.034483,0.282051,0,1,0,0,1,0,1,0,1,0,0,0,0,0,0,0,0,0,1,0,0,0,0,1,0,0,0,0,0,0,0,0,0
0.309764,0.136823,0.184211,0.038462,0.050633,0.030769,0,0,0.017241,0.128205,0,1,0,0,0,1,1,1,0,0,0,0,0,0,0,0,0,1,0,0,0,0,0,0,0,1,0,0,0,0,0,0,0
0.393939,0.421488,0.532895,0.115385,0.202532,0.123077,0.068085,0,0.068966,0.404558,0,0,0,0,0,1,1,0,1,0,0,0,0,0,0,0,0,1,0,0,0,0,0,0,0,0,1,0,0,0,0,0,0
0.360269,0.389348,0.506579,0.134615,0.164557,0.107692,0.057447,0,0.017241,0.2849,0,0,0,0,0,1,1,0,1,0,0,0,0,0,0,0,0,1,0,0,0,0,0,0,0,0,1,0,0,0,0,0,0
0.326599,0.56382,0.684211,0.288462,0.139241,0.261538,0.042553,0,0,0.259259,0,0,0,1,0,1,1,1,0,0,0,0,0,0,0,0,0,1,0,0,0,0,0,0,0,0,0,0,1,0,0,0,0
0.326599,0.504132,0.756579,0.076923,0.151899,0.069231,0.031915,0,0.058621,0.210826,0,0,0,1,0,1,1,0,0,0,0,0,1,0,0,0,0,1,0,0,0,0,0,0,0,0,1,0,0,0,0,0,0
0.382716,0.370983,0.414474,0.153846,0.139241,0.184615,0.097872,0,0.017241,0.264957,0,0,0,1,0,1,1,0,0,0,1,0,0,0,0,0,0,1,0,0,0,0,0,1,0,0,0,0,0,0,0,0,0
0.270483,0.11157,0.052632,0.048077,0.113924,0.092308,0.031915,0,0.051724,0.314815,0,1,0,0,1,0,1,1,0,0,0,0,0,1,0,0,0,0,0,0,0,0,0,0,1,0,0,0,0,0,0,0,0
0.057239,0.136823,0.026316,0.019231,0.101266,0.184615,0.095745,0,0.086207,0.079772,0,0,0,0,1,0,1,0,1,0,0,0,0,0,1,0,0,0,0,0,0,0,0,0,0,0,0,0,0,0,0,0,1
0.023569,0.072544,0.039474,0.038462,0.037975,0.073846,0.053191,0,0.034483,0.039886,0,0,0,0,1,0,1,0,1,0,0,0,0,0,1,0,0,0,0,0,0,0,0,0,0,0,0,0,0,0,0,0,1
0.270483,0.504132,0.796053,0.211538,0.189873,0.018462,0.008511,0,0,0.273504,0,1,0,0,1,0,1,1,0,0,0,0,0,0,0,0,0,0,1,0,0,0,0,0,0,0,0,0,0,0,0,0,1
0.227834,0.279155,0.355263,0,0.139241,0.076923,0.040426,0,0.034483,0.347578,0,1,0,0,0,1,1,1,0,0,0,0,0,0,0,0,0,0,1,0,0,0,0,0,1,0,0,0,0,0,0,0,0
0.090909,0.063361,0.111842,0.326923,0,0,0,0,0,0.025641,0,0,0,0,0,0,1,0,1,0,0,0,0,0,0,0,0,0,0,0,1,0,0,0,0,0,0,0,0,0,0,0,1
0.090909,0.063361,0.118421,0.326923,0,0,0,0,0,0.018519,0,0,0,0,0,0,1,0,1,0,0,0,0,0,0,0,0,0,0,0,1,0,0,0,0,0,0,0,0,0,0,0,1
0.242424,0.297521,0.381579,0.115385,0.101266,0.107692,0.038298,0,0.086207,0.262108,0,0,0,0,1,0,1,1,0,0,0,0,0,0,0,0,0,1,0,0,0,0,0,0,0,0,0,0,1,0,0,0,0
0.248036,0.357208,0.434211,0.153846,0.088608,0.169231,0.076596,0,0.017241,0.225071,0,0,0,0,1,0,1,1,0,0,0,0,0,0,0,0,0,1,0,0,0,0,0,1,0,0,0,0,0,0,0,0,0
0.057239,0.141414,0.092105,0.076923,0.139241,0.092308,0.02766,0,0.189655,0.076923,0,0,0,0,1,0,1,1,0,0,0,0,0,0,0,1,0,0,0,0,0,0,0,0,1,0,0,0,0,0,0,0,0
0.304153,0.338843,0.421053,0,0.126582,0.123077,0.106383,0.033333,0.12069,0.202279,0,0,0,1,0,1,1,0,1,0,0,0,0,0,0,0,0,0,1,0,0,0,0,0,0,0,1,0,0,0,0,0,0
0.52862,0.072544,0.032895,0,0.088608,0.053846,0.051064,0,0.117241,0.416809,0,1,0,0,1,0,1,1,0,0,0,0,0,0,1,0,0,0,0,0,0,0,0,0,0,1,0,0,0,0,0,0,0
0.52862,0.114784,0.052632,0.057692,0.126582,0.092308,0.051064,0,0.351724,0.353846,0,1,0,0,1,0,1,1,0,0,0,0,0,0,0,0,0,0,1,0,0,0,0,0,0,1,0,0,0,0,0,0,0
0.52862,0.173554,0.072368,0.076923,0.177215,0.153846,0.023404,0,0,0.62906,0,1,0,0,1,0,1,1,0,0,0,0,0,0,0,0,0,0,1,0,0,0,0,1,0,0,0,0,0,0,0,0,0
0.118967,0.192837,0.052632,0.153846,0.253165,0.169231,0.106383,0.033333,0.162069,0.207123,0,1,0,0,1,0,1,1,0,0,0,0,0,0,1,0,0,0,0,0,0,0,0,1,0,0,0,0,0,0,0,0,0
0.52862,0.917355,0.105263,0.076923,0.151899,0.184615,0.068085,0,0.068966,0.666667,0,1,0,0,1,0,1,1,0,0,0,0,0,1,0,0,0,0,0,0,0,0,0,0,0,0,0,0,1,0,0,0,0
0.438833,0.102847,0.019737,0.038462,0.189873,0.030769,0.042553,0,0.068966,0.434473,0,1,0,0,1,0,1,1,0,0,0,0,0,1,0,0,0,0,0,0,0,0,0,1,0,0,0,0,0,0,0,0,0
0.52862,0.125803,0.065789,0.057692,0.139241,0.092308,0.057447,0.033333,0.106897,0.368091,0,1,0,0,1,0,1,1,0,0,0,0,0,1,0,0,0,0,0,0,0,0,0,1,0,0,0,0,0,0,0,0,0
0.52862,0.258035,0.217105,0.25,0.303797,0.092308,0.061702,0,0.089655,0.911966,0,1,0,0,1,0,1,1,0,0,0,0,0,1,0,0,0,0,0,0,0,0,0,1,0,0,0,0,0,0,0,0,0
0.551066,0.155188,0.118421,0.346154,0.21519,0.015385,0.021277,0,0.051724,0.387464,0,1,0,0,1,0,1,1,0,0,0,0,0,1,0,0,0,0,0,0,0,0,0,0,1,0,0,0,0,0,0,0,0
0.438833,0.311295,0.111842,0.211538,0.329114,0.307692,0.059574,0,0,0.552707,0,1,0,0,1,0,1,1,0,0,0,0,0,1,0,0,0,0,0,0,0,0,0,1,0,0,0,0,0,0,0,0,0
0.214366,0.003673,0.006579,0.019231,0,0,0,0,0,0.02849,0,0,0,0,0,0,1,1,0,0,0,0,0,1,0,0,0,0,0,0,0,0,0,1,0,0,0,0,0,0,0,0,0
0.191919,0.113866,0.085526,0.192308,0.21519,0.010769,0,0,0.068966,0.387464,0,0,0,0,0,0,1,1,0,0,0,0,0,0,1,0,0,0,0,0,0,0,0,1,0,0,0,0,0,0,0,0,0
0.102132,0.338843,0.217105,0.423077,0.35443,0.230769,0.051064,0,0.224138,0.387464,0,0,0,0,0,0,1,1,0,0,0,0,0,0,0,1,0,0,0,0,0,0,0,1,0,0,0,0,0,0,0,0,0
0.135802,0.090909,0.171053,0.326923,0.037975,0,0,0,0,0.299145,0,0,0,0,0,0,1,1,0,0,0,0,0,1,0,0,0,0,0,0,0,0,0,1,0,0,0,0,0,0,0,0,0
0.135802,0.292929,0.309211,0.461538,0.227848,0.184615,0.03617,0,0,0.321937,0,0,0,0,0,0,1,1,0,0,0,0,0,1,0,0,0,0,0,0,0,0,0,1,0,0,0,0,0,0,0,0,0
0.079686,0.237833,0.243421,0.076923,0.063291,0.153846,0.148936,0,0,0.099715,0,0,0,0,1,0,1,1,0,0,0,0,0,1,0,0,0,0,0,0,0,0,0,1,0,0,0,0,0,0,0,0,0
0.203143,0.049587,0.046053,0.076923,0.025316,0.041538,0,0,0,0.193732,0,0,0,0,0,0,1,1,0,0,0,0,0,1,0,0,0,0,0,0,0,0,0,1,0,0,0,0,0,0,0,0,0
0.214366,0.373737,0.118421,0.096154,0.088608,0.523077,0.276596,0.04,0.172414,0.24416,0,0,1,0,1,0,1,0,0,0,0,0,0,1,0,0,0,0,0,0,0,0,0,0,1,0,0,0,0,0,0,0,0
0.214366,0.605142,0.105263,0.230769,0.291139,0.876923,0.680851,0,0.641379,0.245014,0,0,0,1,1,0,1,0,0,0,0,0,0,1,0,0,0,0,0,0,0,0,0,0,0,0,1,0,0,0,0,0,0
0.214366,0.646465,0.243421,0.153846,0.113924,0.892308,0.680851,0,0.910345,0.181481,0,0,1,0,1,0,1,0,0,0,0,0,0,1,0,0,0,0,0,0,0,0,0,0,1,0,0,0,0,0,0,0,0
0.512907,0.605142,0.651316,0.25,0.291139,0.307692,0.070213,0,0.017241,0.461538,0,1,0,0,1,0,1,0,0,1,0,0,0,1,0,0,0,0,0,0,0,0,0,1,0,0,0,0,0,0,0,0,0
0.214366,0.210285,0.065789,0.019231,0.126582,0.246154,0.12766,0,0.062069,0.192593,0,0,1,0,1,0,1,0,0,0,0,0,0,1,0,0,0,0,0,0,0,0,0,0,0,0,0,0,0,0,1,0,0
0.214366,0.408632,0.151316,0.076923,0.151899,0.523077,0.297872,0,0.234483,0.17265,0,0,1,0,1,0,1,0,0,0,0,0,0,1,0,0,0,0,0,0,0,0,0,1,0,0,0,0,0,0,0,0,0
0.169473,0.192837,0.052632,0.153846,0.253165,0.169231,0.106383,0.033333,0.162069,0.207123,0,0,0,0,1,0,1,1,0,0,0,0,0,0,1,0,0,0,0,0,0,0,0,1,0,0,0,0,0,0,0,0,0
0.102132,0.067952,0.052632,0.153846,0.063291,0.041538,0.021277,0,0.327586,0.202279,0,0,0,0,0,0,1,0,1,0,0,0,0,0,0,0,0,0,0,0,0,0,0,1,0,0,0,0,0,0,0,0,0
0.135802,0.067952,0.052632,0.153846,0.063291,0.041538,0.021277,0,0.327586,0.202279,0,0,0,0,0,0,1,0,1,0,0,0,0,1,0,0,0,0,0,0,0,0,0,1,0,0,0,0,0,0,0,0,0
0.090909,0.077135,0.046053,0.019231,0.101266,0.043077,0.025532,0,0.362069,0.159544,0,0,0,0,0,0,1,1,0,0,0,0,0,0,0,1,0,0,0,0,0,0,0,0,1,0,0,0,0,0,0,0,0
0.438833,0.247016,0.138158,0.192308,0.189873,0.230769,0.085106,0,0.258621,0.675214,0,1,0,0,1,0,1,1,0,0,0,0,0,1,0,0,0,0,0,0,0,0,0,1,0,0,0,0,0,0,0,0,0
0.248036,0.22865,0.131579,0.115385,0.227848,0.169231,0.044681,0,0.068966,0.245014,0,0,1,0,1,0,1,0,1,0,0,0,0,0,1,0,0,0,0,0,0,0,0,1,0,0,0,0,0,0,0,0,0
0.248036,0.214876,0.151316,0.230769,0,0.123077,0.044681,0,0.086207,0.210826,0,0,1,0,1,0,1,0,1,0,0,0,0,0,1,0,0,0,0,0,0,0,0,1,0,0,0,0,0,0,0,0,0
0.244669,0.070248,0.065789,0.019231,0.050633,0.036923,0.009574,0,0.008621,0.039886,0,0,0,0,1,0,1,1,0,0,0,0,0,0,1,0,0,0,0,0,0,0,0,1,0,0,0,0,0,0,0,0,0
0.102132,0.168962,0.105263,0.096154,0.151899,0.246154,0.042553,0,0.103448,0.091168,0,0,0,0,1,0,1,0,0,0,0,0,1,0,0,1,0,0,0,0,0,0,0,1,0,0,0,0,0,0,0,0,0
0.343434,0.53168,0.315789,0.173077,0.253165,0.307692,0.255319,0,0.258621,0.418803,0,0,0,0,1,0,1,0,0,0,0,0,1,0,1,0,0,0,0,0,0,0,0,1,0,0,0,0,0,0,0,0,0
0.205948,0.120753,0.118421,0.086538,0.063291,0.069231,0.026596,0,0.017241,0.071225,0,0,0,0,1,0,1,0,0,0,0,0,1,1,0,0,0,0,0,0,0,0,0,1,0,0,0,0,0,0,0,0,0
0.225589,0.403122,0.302632,0.067308,0.183544,0.338462,0,0.016667,0.103448,0.185185,0,0,0,0,1,0,1,0,0,0,0,0,1,0,1,0,0,0,0,0,0,0,0,1,0,0,0,0,0,0,0,0,0
0.102132,0.15978,0.092105,0,0.101266,0.153846,0.019149,0,0.017241,0.074074,0,0,0,0,1,0,1,0,0,0,0,0,1,0,1,0,0,0,0,0,0,0,0,1,0,0,0,0,0,0,0,0,0
0.124579,0.056474,0.038158,0.032692,0.018987,0.046923,0.015957,0,0.012931,0.025641,0,0,0,0,0,1,1,0,0,0,0,0,1,1,0,0,0,0,0,0,0,0,0,1,0,0,0,0,0,0,0,0,0
0.102132,0.168962,0.157895,0.038462,0.113924,0.076923,0.034043,0,0.103448,0.131054,0,0,0,0,1,0,1,0,0,0,0,0,1,0,1,0,0,0,0,0,0,0,0,1,0,0,0,0,0,0,0,0,0
0.102132,0.205693,0.118421,0.057692,0.139241,0.184615,0.085106,0,0.068966,0.131054,0,0,0,0,1,0,1,0,0,0,0,0,1,1,0,0,0,0,0,0,0,0,0,0,1,0,0,0,0,0,0,0,0
0.102132,0.178145,0.157895,0.057692,0.101266,0.123077,0.046809,0,0.017241,0.122507,0,0,0,0,1,0,1,0,0,0,0,0,1,1,0,0,0,0,0,0,0,0,0,0,1,0,0,0,0,0,0,0,0
0.102132,0.182736,0.144737,0.038462,0.113924,0.138462,0.055319,0,0.015862,0.14245,0,0,0,0,1,0,1,0,0,0,0,0,1,1,0,0,0,0,0,0,0,0,0,0,1,0,0,0,0,0,0,0,0
0.438833,0.369146,0.506579,0.273077,0.177215,0.064615,0.017021,0,0,0.704558,0,0,1,0,1,0,1,1,0,0,0,0,0,1,0,0,0,0,0,0,0,0,0,1,0,0,0,0,0,0,0,0,0
0.102132,0.205693,0.118421,0.057692,0.139241,0.184615,0.085106,0,0.068966,0.131054,0,0,0,0,1,0,1,0,0,0,0,0,1,1,0,0,0,0,0,0,0,0,0,0,1,0,0,0,0,0,0,0,0
0.102132,0.178145,0.157895,0.057692,0.101266,0.123077,0.046809,0,0.017241,0.122507,0,0,0,0,1,0,1,0,0,0,0,0,1,1,0,0,0,0,0,0,0,0,0,0,1,0,0,0,0,0,0,0,0
0.079686,0.261708,0.184211,0.096154,0.151899,0.215385,0.212766,0.033333,0.172414,0.182336,0,0,0,0,0,0,0,0,0,0,0,0,0,0,0,0,0,0,1,0,0,0,0,0,0,0,1,0,0,0,0,0,0
0.124579,0.128558,0.128289,0.067308,0.056962,0.076923,0.06383,0.02,0.060345,0.058405,0,0,0,0,0,0,0,0,0,0,0,0,0,0,0,0,0,0,1,0,0,0,0,0,0,0,1,0,0,0,0,0,0
0.124579,0.342516,0.361842,0.057692,0.202532,0.153846,0.051064,0,0,0.173789,0,0,0,0,0,0,0,0,0,0,0,0,0,0,0,0,0,0,1,0,0,0,0,0,0,0,0,0,0,0,0,1,0
0.074074,0.428834,0.230263,0.038462,0.126582,0.092308,0.031915,0,0,0.108262,0,0,0,0,0,0,0,0,0,0,0,0,0,0,0,0,0,0,1,0,0,0,0,0,0,0,0,0,0,0,0,0,1
0.074074,0.178145,0.171053,0.038462,0.088608,0.107692,0.065957,0.026667,0.068966,0.099715,0,0,0,0,0,0,0,0,0,0,0,0,0,0,0,0,0,0,1,0,0,0,0,0,0,0,1,0,0,0,0,0,0
0.147026,0.447199,0.236842,0.115385,0.088608,0.123077,0.1,0,0.155172,0.096866,0,0,0,0,0,0,0,0,0,0,0,0,0,0,0,0,0,0,1,0,0,0,0,0,0,0,0,0,0,0,0,0,1
0.203143,0.680441,0.328947,0.423077,0.113924,0.230769,0.212766,0.013333,0.086207,0.096866,0,0,0,0,0,0,0,0,0,0,0,0,0,0,0,0,0,0,1,0,0,0,0,0,0,0,1,0,0,0,0,0,0
0.068462,0.239669,0.197368,0.269231,0.050633,0.215385,0.170213,0.033333,0.12069,0.037037,0,0,0,0,0,0,0,0,0,0,0,0,0,0,0,0,0,0,1,0,0,0,0,0,0,0,0,0,0,0,0,0,1
0.124579,0.126263,0.164474,0.134615,0.050633,0.038462,0.034043,0,0.008621,0.061254,0,0,0,0,0,0,0,0,0,0,0,0,0,0,0,0,0,0,1,0,0,0,0,0,0,0,0,0,0,0,1,0,0
0.090909,0.274564,0.276316,0.307692,0.101266,0.169231,0.074468,0.033333,0.12069,0.05698,0,0,0,0,0,0,0,0,0,0,0,0,0,0,0,0,0,0,1,0,0,0,0,0,0,0,0,0,0,0,0,1,0
0.102132,0.209366,0.210526,0.080769,0.101266,0.116923,0.042553,0,0,0.103134,0,0,0,0,0,0,0,0,0,0,0,0,0,0,0,0,0,0,1,0,0,0,0,0,0,0,0,0,0,0,1,0,0
0.113356,0.11157,0.105263,0.028846,0.082278,0.069231,0.021277,0,0.022414,0.052564,0,0,0,0,0,0,0,0,0,0,0,0,0,0,0,0,0,0,1,0,0,0,0,0,0,1,0,0,0,0,0,0,0
0.118967,0.12259,0.092105,0.019231,0.101266,0.084615,0.053191,0,0.215517,0.057977,0,0,0,0,0,0,0,0,0,0,0,0,0,0,0,0,0,0,1,0,0,0,0,0,0,0,0,0,0,0,0,0,0
0.094276,0.314968,0.157895,0.365385,0.063291,0.384615,0.255319,0.026667,0.165517,0.059829,0,0,0,0,0,0,1,0,0,0,0,0,0,0,0,0,1,0,0,0,0,0,0,0,0,0,0,0,0,0,0,0,1
0.085297,0.264463,0.197368,0.403846,0.050633,0.261538,0.191489,0.033333,0.12069,0.045584,0,0,0,0,0,0,1,0,0,0,0,0,0,0,0,0,1,0,0,0,0,0,0,0,0,0,0,0,0,0,0,0,1
0.085297,0.28191,0.184211,0.365385,0.050633,0.307692,0.212766,0.033333,0.12069,0.045584,0,0,0,0,0,0,1,0,0,0,0,0,0,0,0,0,1,0,0,0,0,0,0,0,0,0,0,0,0,0,0,0,1
0.158249,0.129017,0.209211,0.555769,0.024051,0,0,0,0,0.019943,0,0,0,1,0,0,0,0,0,0,0,0,0,1,0,0,0,0,0,0,0,0,0,0,0,0,0,0,0,0,1,0,0
0.248036,0.214876,0.315789,0.903846,0.088608,0.030769,0,0,0,0.058405,0,0,0,1,0,0,0,0,0,0,0,0,0,0,0,0,0,1,0,0,0,0,0,0,0,0,0,0,0,0,0,0,1
0.248036,0.225895,0.394737,1,0.012658,0.015385,0,0,0,0.024786,0,0,0,1,0,0,0,0,0,0,0,0,0,0,0,0,0,0,0,0,1,0,0,0,0,0,0,0,0,0,1,0,0
0.551066,0.188246,0.131579,0.384615,0.025316,0.015385,0,0,0,0.034758,0,0,0,1,0,0,0,0,0,0,0,0,0,0,0,0,0,0,0,0,1,0,0,0,0,0,0,0,0,0,1,0,0
0.068462,0.02663,0.052632,0.153846,0,0,0,0,0,0.002849,0,0,0,1,0,0,1,0,0,0,0,0,0,0,0,0,0,0,0,0,1,0,0,0,0,0,0,0,0,0,1,0,0
0.068462,0.02663,0.052632,0.153846,0,0,0,0,0,0.002849,0,0,0,1,0,0,1,0,0,0,0,0,0,0,0,0,0,0,0,0,1,0,0,0,0,0,0,0,0,0,1,0,0
0.068462,0.02663,0.052632,0.153846,0,0,0,0,0,0.002849,0,0,0,1,0,0,1,0,0,0,0,0,0,0,0,0,0,0,0,0,1,0,0,0,0,0,0,0,0,0,1,0,0
0.158249,0.063361,0.105263,0.192308,0.012658,0,0,0,0,0.006553,0,0,0,1,0,0,0,0,0,0,0,0,0,0,0,0,0,0,0,0,1,0,0,1,0,0,0,0,0,0,0,0,0
0.158249,0.061524,0.105263,0.211538,0.012658,0,0,0,0,0.007977,0,0,0,1,0,0,0,0,0,0,0,0,0,0,0,0,0,0,0,0,1,0,0,1,0,0,0,0,0,0,0,0,0
0.102132,0.017447,0.026316,0.038462,0,0,0,0,0,0.007123,0,0,0,1,0,0,0,0,0,0,0,0,0,0,0,0,0,0,0,0,1,0,0,0,0,0,0,0,0,0,1,0,0
0.214366,0.044995,0.065789,0.115385,0.012658,0.007692,0,0,0,0.011396,0,0,0,1,0,0,0,0,0,0,0,0,0,0,0,0,0,0,0,0,1,0,0,1,0,0,0,0,0,0,0,0,0
0.214366,0.0955,0.085526,0.115385,0.063291,0.061538,0,0,0,0.019943,0,0,0,1,0,0,0,0,0,0,0,0,0,0,0,0,0,0,0,0,1,0,0,0,0,0,0,0,0,0,1,0,0
0.214366,0.136823,0.065789,0.153846,0.012658,0,0,0,0,0.009972,0,0,0,1,0,0,0,0,0,0,0,0,0,1,0,0,0,0,0,0,0,0,0,0,0,0,0,0,0,0,1,0,0
0.214366,0.054178,0.092105,0.153846,0.012658,0,0,0,0,0.005413,0,0,0,1,0,0,0,0,0,0,0,0,0,0,0,0,0,0,0,0,1,0,0,0,0,0,0,0,0,0,1,0,0
0.102132,0.022039,0.036842,0,0.005063,0.003077,0,0,0,0.000627,0,0,0,1,0,0,0,0,0,0,0,0,0,1,0,0,0,0,0,0,0,0,0,0,0,0,0,0,0,0,1,0,0
0.494949,0.306703,0.223684,0.269231,0.139241,0.261538,0.042553,0,0,0.04188,0,0,0,1,0,0,0,0,0,0,0,0,0,1,0,0,0,0,0,0,0,0,0,0,0,0,0,0,0,0,1,0,0
0.494949,0.219467,0.190789,0.269231,0.151899,0.123077,0.021277,0,0,0.044729,0,0,0,1,0,0,0,0,0,0,0,0,0,0,0,0,0,0,0,0,1,0,0,0,0,0,0,0,0,0,1,0,0
0.494949,0.118457,0.203947,0.326923,0.025316,0,0,0,0,0.012251,0,0,0,1,0,0,0,0,0,0,0,0,0,0,0,0,0,0,0,0,1,0,0,0,0,0,0,0,0,0,1,0,0
0.494949,0.100092,0.151316,0.057692,0.037975,0.016923,0,0,0,0.025641,0,0,0,1,0,0,0,0,0,0,0,0,0,0,0,0,0,0,0,0,1,0,0,1,0,0,0,0,0,0,0,0,0
0.102132,0.022039,0.036842,0,0.005063,0.003077,0,0,0,0.000627,0,0,0,1,0,0,0,0,0,0,0,0,0,1,0,0,0,0,0,0,0,0,0,1,0,0,0,0,0,0,0,0,0
0.494949,0.334252,0.355263,0.711538,0.139241,0.184615,0.06383,0,0,0.035897,0,0,0,1,0,0,0,0,0,0,0,0,0,0,0,0,0,0,0,0,1,0,0,0,0,0,0,0,0,0,1,0,0
0.494949,0.28191,0.309211,0.576923,0.113924,0.138462,0.106383,0,0,0.050142,0,0,0,1,0,0,0,0,0,0,0,0,0,0,0,0,0,0,0,0,1,0,0,0,0,0,0,0,0,0,1,0,0
0.494949,0.224977,0.302632,0.596154,0.037975,0.092308,0,0,0,0.028205,0,0,0,1,0,0,0,0,0,0,0,0,0,0,0,0,0,0,0,0,1,0,0,0,0,0,0,0,0,0,1,0,0
0.102132,0.071625,0.085526,0.115385,0.025316,0.030769,0.021277,0,0,0.007692,0,0,0,1,0,0,0,0,0,0,0,0,0,0,0,0,0,0,0,0,1,0,0,0,0,0,0,0,0,0,1,0,0
0.102132,0.017447,0.026316,0.038462,0,0,0,0,0,0.007123,0,0,0,1,0,0,0,0,0,0,0,0,0,0,0,0,0,0,0,0,1,0,0,0,0,0,0,0,0,0,1,0,0
0.102132,0.045914,0.052632,0.096154,0.012658,0.030769,0,0,0,0.008547,0,0,0,1,0,0,0,0,0,0,0,0,0,0,0,0,0,0,0,0,1,0,0,0,0,0,0,0,0,0,1,0,0
0.030303,0.003398,0.006579,0,0,0,0,0,0,0,0,0,0,1,0,1,1,0,0,0,0,0,0,0,0,0,0,0,0,0,0,0,0,0,0,0,0,0,0,0,0,0,0
0.030303,0.003398,0.006579,0,0,0,0,0,0,0,0,0,0,1,0,1,1,0,0,0,0,0,0,0,0,0,0,0,0,0,0,0,0,0,0,0,0,0,0,0,0,0,0
0.030303,0.003398,0.006579,0,0,0,0,0,0,0,0,0,0,1,0,1,1,0,0,0,0,0,0,0,0,0,0,0,0,0,0,0,0,0,0,0,0,0,0,0,0,0,0
0.030303,0.003398,0.006579,0,0,0,0,0,0,0,0,0,0,1,0,1,1,0,0,0,0,0,0,0,0,0,0,0,0,0,0,0,0,0,0,0,0,0,0,0,0,0,0
0.085297,0.063361,0.046053,0.096154,0.088608,0.026154,0,0,0.034483,0.008547,0.3125,0,0,0,0,0,0,0,0,0,0,0,0,0,0,0,1,0,0,0,0,0,0,0,0,0,1,0,0,0,0,0,0
0.158249,0.109275,0.085526,0.211538,0.05443,0.086154,0.070213,0,0.051724,0.014245,0,0,0,0,0,0,0,0,0,0,0,0,0,0,0,0,1,0,0,0,0,0,0,0,0,0,0,0,0,0,0,0,1
0.130191,0.113866,0.065789,0.180769,0.118987,0.096923,0.080851,0.014,0.086207,0.02849,0.916667,0,0,1,0,0,0,0,0,0,0,0,0,0,0,0,1,0,0,0,0,0,0,0,0,0,1,0,0,0,0,0,0
0.214366,0.113866,0.065789,0.180769,0.082278,0.096923,0.080851,0.014,0.086207,0.02849,0.916667,0,0,1,0,0,0,0,0,0,0,0,0,0,0,0,1,0,0,0,0,0,0,0,0,0,1,0,0,0,0,0,0
0.203143,0.040404,0.034211,0.086538,0.01519,0.032308,0,0,0,0.032764,0.958333,0,0,1,0,0,1,0,0,0,0,0,0,0,0,0,0,0,0,0,0,1,0,0,0,0,0,0,0,0,0,0,1
0.203143,0.090909,0.105263,0.288462,0.012658,0.046154,0.017021,0,0,0.02849,0.958333,0,0,1,0,0,1,0,0,0,0,0,0,0,0,0,0,0,0,0,0,1,0,0,0,0,0,0,0,0,0,0,1
0.203143,0.072544,0.092105,0.269231,0.012658,0.033846,0,0,0,0.02849,0.958333,0,0,1,0,0,1,0,0,0,0,0,0,0,0,0,0,0,0,0,0,1,0,0,0,0,0,0,0,0,0,0,1
0.203143,0.031221,0.019737,0.003846,0.01519,0.018462,0,0,0,0.035613,0.958333,0,0,1,0,0,1,0,0,0,0,0,0,0,0,0,0,0,0,0,0,1,0,0,0,0,0,0,0,0,0,0,1
0.079686,0.044995,0.072368,0.192308,0.012658,0,0,0,0.017241,0.005698,0.166667,0,0,1,0,0,0,0,0,0,0,0,0,0,0,0,1,0,0,0,0,0,0,0,0,0,1,0,0,0,0,0,0
0.085297,0.077135,0.059211,0.115385,0.029114,0.064615,0.055319,0,0.051724,0.012821,0.270833,0,0,0,0,0,0,0,0,0,0,0,0,0,0,0,1,0,0,0,0,0,0,0,0,0,0,0,0,0,0,0,1
0.085297,0.077135,0.059211,0.115385,0.029114,0.064615,0.055319,0,0.051724,0.009972,0.270833,0,0,0,0,0,0,0,0,0,0,0,0,0,0,0,1,0,0,0,0,0,0,0,0,0,0,0,0,0,0,0,1
0.074074,0.067952,0.032895,0.076923,0.034177,0.075385,0.065957,0,0.051724,0.012821,0.333333,0,0,0,0,0,0,0,0,0,0,0,0,0,0,0,1,0,0,0,0,0,0,0,0,0,0,0,0,0,0,0,1
0.012346,0.044995,0.006579,0.011538,0.012658,0.076923,0.068085,0,0.051724,0.014245,0,0,0,0,0,0,1,0,0,0,0,0,0,0,0,0,1,0,0,0,0,0,0,0,0,0,1,0,0,0,0,0,0
0.203143,0.113866,0.111842,0.192308,0.078481,0.069231,0.014894,0,0,0.034188,0,0,0,1,0,0,1,0,0,0,0,0,0,0,0,0,0,1,0,0,0,0,0,0,0,0,0,0,0,0,0,0,1
0.203143,0.113866,0.111842,0.192308,0.078481,0.069231,0.014894,0,0,0.034188,0,0,0,1,0,0,1,0,0,0,0,0,0,0,0,0,0,1,0,0,0,0,0,0,0,0,0,0,0,0,0,0,1
0.203143,0.086318,0.026316,0.023077,0.113924,0.076923,0.017021,0,0,0.045584,0,0,0,1,0,0,1,0,0,0,0,0,0,0,0,0,0,1,0,0,0,0,0,0,0,0,0,0,0,0,0,0,1
0.130191,0.100092,0.088816,0.259615,0.044304,0.069231,0.06383,0,0.062069,0.017094,0.479167,0,0,1,0,0,0,0,0,0,0,0,0,0,0,0,1,0,0,0,0,0,0,0,0,0,0,0,0,0,0,0,1
0.130191,0.0955,0.085526,0.25,0.044304,0.069231,0.06383,0,0.062069,0.017094,0.479167,0,0,1,0,0,0,0,0,0,0,0,0,0,0,0,1,0,0,0,0,0,0,0,0,0,0,0,0,0,0,0,1
0.130191,0.072544,0.039474,0.115385,0.050633,0.069231,0.059574,0,0.051724,0.018519,0.520833,0,0,1,0,0,0,0,0,0,0,0,0,0,0,0,1,0,0,0,0,0,0,0,0,0,1,0,0,0,0,0,0
0.270483,0.067952,0.052632,0.153846,0.063291,0.110769,0.034043,0,0.034483,0.025641,0.75,0,0,1,0,0,0,0,0,0,0,0,0,0,0,0,1,0,0,0,0,0,0,0,0,0,1,0,0,0,0,0,0
0.270483,0.113866,0.059211,0.173077,0.075949,0.110769,0.102128,0.033333,0.086207,0.02849,0.833333,0,0,1,0,0,0,0,0,0,0,0,0,0,0,0,1,0,0,0,0,0,0,0,0,0,1,0,0,0,0,0,0
0.102132,0.293848,0.138158,0.019231,0.164557,0.323077,0.170213,0,0.02069,0.113675,0,0,0,0,0,0,0,0,0,0,0,0,0,0,0,0,0,1,0,0,0,0,0,0,0,0,0,1,0,0,0,0,0
0.102132,0.200184,0.164474,0.019231,0.088608,0.153846,0.042553,0,0,0.070085,0,0,0,0,0,0,0,0,0,0,0,0,0,0,0,0,0,1,0,0,0,0,0,0,0,0,0,1,0,0,0,0,0
0.102132,0.145087,0.131579,0.019231,0.088608,0.092308,0.042553,0,0,0.196296,0,0,0,0,0,0,0,0,0,0,0,0,0,0,0,0,0,1,0,0,0,0,0,0,0,0,0,1,0,0,0,0,0
0.012346,0.044995,0.006579,0.011538,0.012658,0.076923,0.068085,0,0.051724,0.014245,0,0,0,0,0,0,1,0,0,0,0,0,0,0,0,0,1,0,0,0,0,0,0,0,0,0,1,0,0,0,0,0,0
